feature,value,ale
vdd,0.7000662068377658,-24.874957983866565
vdd,0.7243449685055396,-22.636085883968548
vdd,0.7439848664030182,-20.97875269498377
vdd,0.7679245256085186,-18.771755437392727
vdd,0.7952206312792324,-16.983538367788988
vdd,0.8219272774833555,-14.731043455510097
vdd,0.8458487995899845,-12.789954299370304
vdd,0.8683344241856644,-10.715141647072349
vdd,0.890741335350458,-9.175673889046829
vdd,0.9125204640468855,-7.479743646953324
vdd,0.9363854927714778,-5.919711777677591
vdd,0.9616169768168062,-3.9652956106400374
vdd,0.9839165112678342,-1.9169656193132276
vdd,1.0102953002994002,0.39173619141472216
vdd,1.036185341987128,2.605935017455721
vdd,1.0596423929213443,4.3430560847418995
vdd,1.0844831258919845,6.643090335399393
vdd,1.1081236155463803,8.681438821920594
vdd,1.131621240648423,10.720020063465853
vdd,1.1578086475521974,13.070464716801162
vdd,1.1815418544392373,15.254179041169955
vdd,1.2058418629186154,17.33043181418069
vdd,1.229249809044856,19.535226790914948
vdd,1.2510063121640944,21.706161476047114
vdd,1.2768133222704325,24.185919553546768
vdd,1.299950922511167,26.470960406525577
cbl_ratio,2.0018078547432934,20.690175579035483
cbl_ratio,2.419929733554016,18.0182303718743
cbl_ratio,2.8316114501171654,15.452704272826853
cbl_ratio,3.219591452688292,13.193234086576377
cbl_ratio,3.5627429562719923,11.337108134103667
cbl_ratio,3.986202141474959,9.14656660153581
cbl_ratio,4.4007604467296035,7.213821060855109
cbl_ratio,4.8656272344254194,5.174530515166154
cbl_ratio,5.285510153287137,3.463015044776501
cbl_ratio,5.686726918654354,1.9839002379549413
cbl_ratio,6.063565591312609,0.6051825732088965
cbl_ratio,6.422744155678092,-0.5515809515615082
cbl_ratio,6.822162036968591,-1.6797100200309245
cbl_ratio,7.268112166058406,-2.9412914971941504
cbl_ratio,7.680983770998421,-4.075596725416261
cbl_ratio,8.08544223363115,-4.964027615885652
cbl_ratio,8.46836455633037,-5.8283535068578765
cbl_ratio,8.835506472335554,-6.6472022329334735
cbl_ratio,9.268623483434373,-7.578119452937507
cbl_ratio,9.641360820994551,-8.318462498191394
cbl_ratio,10.007604578870009,-8.979368343720967
cbl_ratio,10.416952336286878,-9.689168543903072
cbl_ratio,10.780089428748166,-10.299232158765882
cbl_ratio,11.198723837679982,-10.974997296945485
cbl_ratio,11.616635441846467,-11.609666232699794
cbl_ratio,11.996893680493212,-12.14169140087008
cbl_over_cs,2.0018078547432934,20.722558922741612
cbl_over_cs,2.419929733554016,17.97872902604331
cbl_over_cs,2.8316114501171654,15.359518567246896
cbl_over_cs,3.219591452688292,13.06485909532379
cbl_over_cs,3.5627429562719923,11.195590995714298
cbl_over_cs,3.9862021414749593,8.995642764100404
cbl_over_cs,4.4007604467296035,7.05619070862188
cbl_over_cs,4.8656272344254194,5.032810644135196
cbl_over_cs,5.285510153287137,3.3251932589450526
cbl_over_cs,5.6867269186543545,1.8729501704890588
cbl_over_cs,6.063565591312609,0.4943262829089363
cbl_over_cs,6.422744155678092,-0.6334829631715664
cbl_over_cs,6.822162036968591,-1.7375441716437834
cbl_over_cs,7.268112166058406,-2.969730889037198
cbl_over_cs,7.680983770998421,-4.103902183701017
cbl_over_cs,8.08544223363115,-4.922379145089042
cbl_over_cs,8.46836455633037,-5.75899724532519
cbl_over_cs,8.835506472335554,-6.562873594387259
cbl_over_cs,9.268623483434373,-7.482066451629024
cbl_over_cs,9.641360820994551,-8.223505112300504
cbl_over_cs,10.007604578870009,-8.854184489994086
cbl_over_cs,10.416952336286878,-9.54986700893269
cbl_over_cs,10.780089428748168,-10.150099472074832
cbl_over_cs,11.198723837679983,-10.80068338242403
cbl_over_cs,11.616635441846467,-11.422355205884706
cbl_over_cs,11.99689368049321,-11.926699120675487
vgs_retention,-1.2207279333436472,-25.823411813440956
vgs_retention,-1.0051806953964628,-14.660541320580265
vgs_retention,-0.945010359671844,-12.073055077276305
vgs_retention,-0.9032121202346144,-9.95544344466466
vgs_retention,-0.8713000642161658,-8.165742116350646
vgs_retention,-0.8441342767561073,-7.008731930359932
vgs_retention,-0.8214109789994949,-5.816938541247094
vgs_retention,-0.8004310890364179,-4.604265838578563
vgs_retention,-0.7804263826468407,-3.7517326989306845
vgs_retention,-0.7619110632819152,-2.677235473293507
vgs_retention,-0.7415173117952096,-1.5290677040687406
vgs_retention,-0.7234619094432819,-0.6348959442380995
vgs_retention,-0.7053786457928927,0.1779241984146971
vgs_retention,-0.6862427529438632,1.082473336631029
vgs_retention,-0.6689311667767645,1.8676287359605368
vgs_retention,-0.6495576649606766,2.6684601064186637
vgs_retention,-0.6317446551897817,3.4431111315273704
vgs_retention,-0.6145923093518711,4.321463676995101
vgs_retention,-0.5945464227756687,5.31108306191377
vgs_retention,-0.5722318415150772,6.3375132594677055
vgs_retention,-0.5505855326232191,7.4114336439050845
vgs_retention,-0.5254015451947776,8.566725837840032
vgs_retention,-0.4934215939769745,10.15878124595364
vgs_retention,-0.46582699424002366,11.598321906529925
vgs_retention,-0.4214696168852693,13.777442753278386
vgs_retention,-0.2582840587008955,19.978699008193416
vwl_boost,0.30004781146382836,-0.208375303466566
vwl_boost,0.3384091214825498,-8.449643576054774
vwl_boost,0.3767537261450986,-11.038322959473957
vwl_boost,0.41504196992828,-11.553356113443359
vwl_boost,0.4545540510829432,-10.488341509009752
vwl_boost,0.487637512199824,-8.86809214556003
vwl_boost,0.5230083753908955,-6.776324740511854
vwl_boost,0.5583867916298658,-4.675088141511611
vwl_boost,0.5940290746033537,-2.6542364426100837
vwl_boost,0.633813747610676,-0.6126857086406666
vwl_boost,0.6676487748165514,0.804935501676458
vwl_boost,0.6997400692533438,1.9399206417326524
vwl_boost,0.7340201052509927,2.842191140730827
vwl_boost,0.7666928980206607,3.4402753135662767
vwl_boost,0.8023446258209788,3.8634988416313627
vwl_boost,0.8377048265381298,4.170973239781469
vwl_boost,0.8708425565446877,4.348640132243269
vwl_boost,0.9093396492824969,4.531928234505028
vwl_boost,0.9468276119121121,4.655468710732385
vwl_boost,0.9849557151367861,4.749510983791012
vwl_boost,1.021119624631778,4.8289449454204965
vwl_boost,1.0553754485319522,4.896034164547206
vwl_boost,1.0892061790255045,4.956916494466525
vwl_boost,1.1287777387128046,5.040759507512095
vwl_boost,1.1655669364504435,5.100957175303822
vwl_boost,1.199944691704379,5.153511612641768
vwl_overdrive,0.3000478114638283,0.7054868462199356
vwl_overdrive,0.3384091214825498,-7.948701899580104
vwl_overdrive,0.3767537261450986,-10.753607832090609
vwl_overdrive,0.4150419699282801,-11.394986914492739
vwl_overdrive,0.4545540510829433,-10.414251835739087
vwl_overdrive,0.48763751219982404,-8.856437732383997
vwl_overdrive,0.5230083753908956,-6.811657390826939
vwl_overdrive,0.5583867916298658,-4.7600638507683914
vwl_overdrive,0.5940290746033539,-2.7830508442370334
vwl_overdrive,0.6338137476106759,-0.785128630097352
vwl_overdrive,0.6676487748165513,0.6122686448147535
vwl_overdrive,0.6997400692533439,1.750466998915194
vwl_overdrive,0.7340201052509926,2.6618551157727106
vwl_overdrive,0.7666928980206605,3.2718580231045964
vwl_overdrive,0.8023446258209788,3.717057226373965
vwl_overdrive,0.8377048265381298,4.041432635058787
vwl_overdrive,0.8708425565446877,4.237539432838792
vwl_overdrive,0.9093396492824968,4.432553449085838
vwl_overdrive,0.9468276119121121,4.576717365752548
vwl_overdrive,0.9849557151367861,4.682523207898025
vwl_overdrive,1.021119624631778,4.7693838763692264
vwl_overdrive,1.0553754485319522,4.85063184199099
vwl_overdrive,1.0892061790255045,4.924330887117536
vwl_overdrive,1.1287777387128046,5.024999008823515
vwl_overdrive,1.1655669364504437,5.092187208662366
vwl_overdrive,1.199944691704379,5.156595161417474
charge_share_ratio,0.07694146190492278,-4.459041017401455
charge_share_ratio,0.07926043394188062,-4.544057934159454
charge_share_ratio,0.0819757882210302,-4.6620839239939
charge_share_ratio,0.0848889991369409,-4.763118944518808
charge_share_ratio,0.087589049888736,-4.848294050621201
charge_share_ratio,0.09084628713439351,-4.963228626348361
charge_share_ratio,0.0939729436691571,-5.043232138007309
charge_share_ratio,0.0973840431989437,-5.109529087712611
charge_share_ratio,0.10167244640082833,-5.153807316173742
charge_share_ratio,0.10561486066977113,-5.188312032546813
charge_share_ratio,0.11006618960593222,-5.184252164002242
charge_share_ratio,0.11519431754892082,-5.0674985474515095
charge_share_ratio,0.12094659339578936,-4.9740516942612265
charge_share_ratio,0.1278418935644914,-4.778721661079084
charge_share_ratio,0.13472107929477847,-4.523168478665348
charge_share_ratio,0.14157156229016918,-4.070379727533452
charge_share_ratio,0.1495500012880859,-3.5025989800112285
charge_share_ratio,0.15909607993706854,-2.6906861421809056
charge_share_ratio,0.17048475129336754,-1.5398356608120505
charge_share_ratio,0.18515911073738311,0.22095463332097953
charge_share_ratio,0.20055344177156473,2.351242038786424
charge_share_ratio,0.21916641453776295,5.555290096355995
charge_share_ratio,0.2369897786589295,9.042613785865955
charge_share_ratio,0.260986801342095,13.92919639554316
charge_share_ratio,0.2924036759335913,21.522668625161344
charge_share_ratio,0.3331325815607599,32.44393255244683
vblpre_ratio,0.3500047968154133,9.175728796225146
vblpre_ratio,0.361890072233048,8.379732454560878
vblpre_ratio,0.37507130166272223,7.475478847372823
vblpre_ratio,0.3873095435381735,6.6427291510388535
vblpre_ratio,0.3974829165366284,5.886091335014249
vblpre_ratio,0.4084590215406366,5.132495930147354
vblpre_ratio,0.4204913549760472,4.38553226192684
vblpre_ratio,0.43259248103257514,3.558058077640008
vblpre_ratio,0.44553679850797934,2.7339272146238827
vblpre_ratio,0.4561032132313363,2.1804410336119515
vblpre_ratio,0.4684958845672438,1.3285789849642144
vblpre_ratio,0.4807557162806176,0.5731468451829862
vblpre_ratio,0.4928484007020512,-0.2747567595637612
vblpre_ratio,0.505095911616177,-0.9587101782325842
vblpre_ratio,0.5171506899354114,-1.7780078610539842
vblpre_ratio,0.5288392678771812,-2.594963321556934
vblpre_ratio,0.5411107208520224,-3.2284783668469874
vblpre_ratio,0.5525830030844626,-3.9628487839561757
vblpre_ratio,0.5664660792592937,-4.556027206514072
vblpre_ratio,0.5786744697242634,-4.970442935494141
vblpre_ratio,0.5902150111145673,-5.355231812241206
vblpre_ratio,0.6022296105328893,-5.397323668304139
vblpre_ratio,0.6134100562601873,-5.668984545389296
vblpre_ratio,0.6248577415816241,-6.142820349015313
vblpre_ratio,0.6383530709533408,-6.447142449877994
vblpre_ratio,0.649937007764909,-6.1162026942625936
