feature_1,feature_2,value_1,value_2,partial_dependence
vwl_overdrive,vwl_boost,0.34357599313369835,0.34357599313369835,0.6785181350601089
vwl_overdrive,vwl_boost,0.34357599313369835,0.3861804961608262,0.6902922902740666
vwl_overdrive,vwl_boost,0.34357599313369835,0.4287849991879541,0.7020594387765383
vwl_overdrive,vwl_boost,0.34357599313369835,0.47138950221508197,0.7138261496987243
vwl_overdrive,vwl_boost,0.34357599313369835,0.5139940052422098,0.7255793129848352
vwl_overdrive,vwl_boost,0.34357599313369835,0.5565985082693377,0.7372673447305497
vwl_overdrive,vwl_boost,0.34357599313369835,0.5992030112964656,0.7488572251242601
vwl_overdrive,vwl_boost,0.34357599313369835,0.6418075143235935,0.7603416506219413
vwl_overdrive,vwl_boost,0.34357599313369835,0.6844120173507213,0.7717081600090367
vwl_overdrive,vwl_boost,0.34357599313369835,0.7270165203778491,0.7829022488310505
vwl_overdrive,vwl_boost,0.34357599313369835,0.7696210234049771,0.7938312058991184
vwl_overdrive,vwl_boost,0.34357599313369835,0.812225526432105,0.804414873062968
vwl_overdrive,vwl_boost,0.34357599313369835,0.8548300294592328,0.8145642459689192
vwl_overdrive,vwl_boost,0.34357599313369835,0.8974345324863606,0.8241939019489418
vwl_overdrive,vwl_boost,0.34357599313369835,0.9400390355134886,0.8331905061546739
vwl_overdrive,vwl_boost,0.34357599313369835,0.9826435385406165,0.8414538797502813
vwl_overdrive,vwl_boost,0.34357599313369835,1.0252480415677443,0.8489574802323223
vwl_overdrive,vwl_boost,0.34357599313369835,1.067852544594872,0.8555840642980711
vwl_overdrive,vwl_boost,0.34357599313369835,1.110457047622,0.861163493607631
vwl_overdrive,vwl_boost,0.34357599313369835,1.153061550649128,0.8656852394279501
vwl_overdrive,vwl_boost,0.3861804961608262,0.34357599313369835,0.7026294962639189
vwl_overdrive,vwl_boost,0.3861804961608262,0.3861804961608262,0.7143769823854327
vwl_overdrive,vwl_boost,0.3861804961608262,0.4287849991879541,0.7261249367892885
vwl_overdrive,vwl_boost,0.3861804961608262,0.47138950221508197,0.7378693355429256
vwl_overdrive,vwl_boost,0.3861804961608262,0.5139940052422098,0.7495633473824047
vwl_overdrive,vwl_boost,0.3861804961608262,0.5565985082693377,0.7611709753347525
vwl_overdrive,vwl_boost,0.3861804961608262,0.5992030112964656,0.7726766381196766
vwl_overdrive,vwl_boost,0.3861804961608262,0.6418075143235935,0.7840849835561129
vwl_overdrive,vwl_boost,0.3861804961608262,0.6844120173507213,0.7953061358468633
vwl_overdrive,vwl_boost,0.3861804961608262,0.7270165203778491,0.8062678848238217
vwl_overdrive,vwl_boost,0.3861804961608262,0.7696210234049771,0.8168681570887709
vwl_overdrive,vwl_boost,0.3861804961608262,0.812225526432105,0.8270057754708987
vwl_overdrive,vwl_boost,0.3861804961608262,0.8548300294592328,0.8365714860933285
vwl_overdrive,vwl_boost,0.3861804961608262,0.8974345324863606,0.8454429773307927
vwl_overdrive,vwl_boost,0.3861804961608262,0.9400390355134886,0.8535246014923994
vwl_overdrive,vwl_boost,0.3861804961608262,0.9826435385406165,0.8607816348963051
vwl_overdrive,vwl_boost,0.3861804961608262,1.0252480415677443,0.8670637952734769
vwl_overdrive,vwl_boost,0.3861804961608262,1.067852544594872,0.8722600688042338
vwl_overdrive,vwl_boost,0.3861804961608262,1.110457047622,0.8763567680399968
vwl_overdrive,vwl_boost,0.3861804961608262,1.153061550649128,0.8793437609783059
vwl_overdrive,vwl_boost,0.4287849991879541,0.34357599313369835,0.7267144241015076
vwl_overdrive,vwl_boost,0.4287849991879541,0.3861804961608262,0.7384580127720843
vwl_overdrive,vwl_boost,0.4287849991879541,0.4287849991879541,0.7501776637886259
vwl_overdrive,vwl_boost,0.4287849991879541,0.47138950221508197,0.7618561794050086
vwl_overdrive,vwl_boost,0.4287849991879541,0.5139940052422098,0.7734898723244858
vwl_overdrive,vwl_boost,0.4287849991879541,0.5565985082693377,0.7850405416756748
vwl_overdrive,vwl_boost,0.4287849991879541,0.5992030112964656,0.7964636279877577
vwl_overdrive,vwl_boost,0.4287849991879541,0.6418075143235935,0.8077049029709759
vwl_overdrive,vwl_boost,0.4287849991879541,0.6844120173507213,0.8186994642186947
vwl_overdrive,vwl_boost,0.4287849991879541,0.7270165203778491,0.8293239922515545
vwl_overdrive,vwl_boost,0.4287849991879541,0.7696210234049771,0.8394268699455818
vwl_overdrive,vwl_boost,0.4287849991879541,0.812225526432105,0.8489351299218689
vwl_overdrive,vwl_boost,0.4287849991879541,0.8548300294592328,0.8576732918720288
vwl_overdrive,vwl_boost,0.4287849991879541,0.8974345324863606,0.8655754290335769
vwl_overdrive,vwl_boost,0.4287849991879541,0.9400390355134886,0.872557697981116
vwl_overdrive,vwl_boost,0.4287849991879541,0.9826435385406165,0.8784943671616556
vwl_overdrive,vwl_boost,0.4287849991879541,1.0252480415677443,0.8832721640149604
vwl_overdrive,vwl_boost,0.4287849991879541,1.067852544594872,0.8869454872447441
vwl_overdrive,vwl_boost,0.4287849991879541,1.110457047622,0.889516055690932
vwl_overdrive,vwl_boost,0.4287849991879541,1.153061550649128,0.890962717359759
vwl_overdrive,vwl_boost,0.471389502215082,0.34357599313369835,0.7508159397101611
vwl_overdrive,vwl_boost,0.471389502215082,0.3861804961608262,0.7625041784984435
vwl_overdrive,vwl_boost,0.471389502215082,0.4287849991879541,0.7741639534441255
vwl_overdrive,vwl_boost,0.471389502215082,0.47138950221508197,0.78580600451021
vwl_overdrive,vwl_boost,0.471389502215082,0.5139940052422098,0.7973930932126717
vwl_overdrive,vwl_boost,0.471389502215082,0.5565985082693377,0.8088300324157978
vwl_overdrive,vwl_boost,0.471389502215082,0.5992030112964656,0.8200871625453054
vwl_overdrive,vwl_boost,0.471389502215082,0.6418075143235935,0.8310840018989517
vwl_overdrive,vwl_boost,0.471389502215082,0.6844120173507213,0.8417040017525663
vwl_overdrive,vwl_boost,0.471389502215082,0.7270165203778491,0.8517857420093966
vwl_overdrive,vwl_boost,0.471389502215082,0.7696210234049771,0.861200000284431
vwl_overdrive,vwl_boost,0.471389502215082,0.812225526432105,0.8698089086155797
vwl_overdrive,vwl_boost,0.471389502215082,0.8548300294592328,0.8775117161827187
vwl_overdrive,vwl_boost,0.471389502215082,0.8974345324863606,0.8842239405002219
vwl_overdrive,vwl_boost,0.471389502215082,0.9400390355134886,0.8897850510832571
vwl_overdrive,vwl_boost,0.471389502215082,0.9826435385406165,0.8941747507541161
vwl_overdrive,vwl_boost,0.471389502215082,1.0252480415677443,0.8974336094162533
vwl_overdrive,vwl_boost,0.471389502215082,1.067852544594872,0.8995779464706466
vwl_overdrive,vwl_boost,0.471389502215082,1.110457047622,0.9005904880034438
vwl_overdrive,vwl_boost,0.471389502215082,1.153061550649128,0.9006074597202881
vwl_overdrive,vwl_boost,0.5139940052422098,0.34357599313369835,0.7748541574070018
vwl_overdrive,vwl_boost,0.5139940052422098,0.3861804961608262,0.786501087634957
vwl_overdrive,vwl_boost,0.5139940052422098,0.4287849991879541,0.7981350710249374
vwl_overdrive,vwl_boost,0.5139940052422098,0.47138950221508197,0.8097217478148734
vwl_overdrive,vwl_boost,0.5139940052422098,0.5139940052422098,0.8211713881296988
vwl_overdrive,vwl_boost,0.5139940052422098,0.5565985082693377,0.8324299551648368
vwl_overdrive,vwl_boost,0.5139940052422098,0.5992030112964656,0.843422741609162
vwl_overdrive,vwl_boost,0.5139940052422098,0.6418075143235935,0.8539859685305928
vwl_overdrive,vwl_boost,0.5139940052422098,0.6844120173507213,0.8640063058146191
vwl_overdrive,vwl_boost,0.5139940052422098,0.7270165203778491,0.8733070760681781
vwl_overdrive,vwl_boost,0.5139940052422098,0.7696210234049771,0.8817406463797591
vwl_overdrive,vwl_boost,0.5139940052422098,0.812225526432105,0.8892412192378646
vwl_overdrive,vwl_boost,0.5139940052422098,0.8548300294592328,0.8956664406786385
vwl_overdrive,vwl_boost,0.5139940052422098,0.8974345324863606,0.9008622970179865
vwl_overdrive,vwl_boost,0.5139940052422098,0.9400390355134886,0.9048926715651325
vwl_overdrive,vwl_boost,0.5139940052422098,0.9826435385406165,0.9077584671855038
vwl_overdrive,vwl_boost,0.5139940052422098,1.0252480415677443,0.9094821994608578
vwl_overdrive,vwl_boost,0.5139940052422098,1.067852544594872,0.9101073619793425
vwl_overdrive,vwl_boost,0.5139940052422098,1.110457047622,0.9097340801007592
vwl_overdrive,vwl_boost,0.5139940052422098,1.153061550649128,0.908536563674216
vwl_overdrive,vwl_boost,0.5565985082693378,0.34357599313369835,0.798851107999349
vwl_overdrive,vwl_boost,0.5565985082693378,0.3861804961608262,0.8104882660544456
vwl_overdrive,vwl_boost,0.5565985082693378,0.4287849991879541,0.8220481936832816
vwl_overdrive,vwl_boost,0.5565985082693378,0.47138950221508197,0.8334932763741126
vwl_overdrive,vwl_boost,0.5565985082693378,0.5139940052422098,0.8447297096452573
vwl_overdrive,vwl_boost,0.5565985082693378,0.5565985082693377,0.8556862654263523
vwl_overdrive,vwl_boost,0.5565985082693378,0.5992030112964656,0.86617311009889
vwl_overdrive,vwl_boost,0.5565985082693378,0.6418075143235935,0.8760749529013075
vwl_overdrive,vwl_boost,0.5565985082693378,0.6844120173507213,0.8852273051113514
vwl_overdrive,vwl_boost,0.5565985082693378,0.7270165203778491,0.893444512543061
vwl_overdrive,vwl_boost,0.5565985082693378,0.7696210234049771,0.9006942463635901
vwl_overdrive,vwl_boost,0.5565985082693378,0.812225526432105,0.9067951676640584
vwl_overdrive,vwl_boost,0.5565985082693378,0.8548300294592328,0.9116653990424223
vwl_overdrive,vwl_boost,0.5565985082693378,0.8974345324863606,0.9153539130437739
vwl_overdrive,vwl_boost,0.5565985082693378,0.9400390355134886,0.9178560783433319
vwl_overdrive,vwl_boost,0.5565985082693378,0.9826435385406165,0.9191946532135522
vwl_overdrive,vwl_boost,0.5565985082693378,1.0252480415677443,0.9194532314292321
vwl_overdrive,vwl_boost,0.5565985082693378,1.067852544594872,0.9187606709083757
vwl_overdrive,vwl_boost,0.5565985082693378,1.110457047622,0.9172757436074845
vwl_overdrive,vwl_boost,0.5565985082693378,1.153061550649128,0.9150245588120699
vwl_overdrive,vwl_boost,0.5992030112964657,0.34357599313369835,0.822845687737736
vwl_overdrive,vwl_boost,0.5992030112964657,0.3861804961608262,0.8343836337416063
vwl_overdrive,vwl_boost,0.5992030112964657,0.4287849991879541,0.8457891314902334
vwl_overdrive,vwl_boost,0.5992030112964657,0.47138950221508197,0.8569793033822019
vwl_overdrive,vwl_boost,0.5992030112964657,0.5139940052422098,0.8678843045032677
vwl_overdrive,vwl_boost,0.5992030112964657,0.5565985082693377,0.8782645944993639
vwl_overdrive,vwl_boost,0.5992030112964657,0.5992030112964656,0.8880080892092086
vwl_overdrive,vwl_boost,0.5992030112964657,0.6418075143235935,0.8969497745312791
vwl_overdrive,vwl_boost,0.5992030112964657,0.6844120173507213,0.9049335091134111
vwl_overdrive,vwl_boost,0.5992030112964657,0.7270165203778491,0.9118738581081222
vwl_overdrive,vwl_boost,0.5992030112964657,0.7696210234049771,0.917627731109236
vwl_overdrive,vwl_boost,0.5992030112964657,0.812225526432105,0.9221634025256242
vwl_overdrive,vwl_boost,0.5992030112964657,0.8548300294592328,0.9254912018040625
vwl_overdrive,vwl_boost,0.5992030112964657,0.8974345324863606,0.9276513455901234
vwl_overdrive,vwl_boost,0.5992030112964657,0.9400390355134886,0.9286751580823245
vwl_overdrive,vwl_boost,0.5992030112964657,0.9826435385406165,0.9286157557879551
vwl_overdrive,vwl_boost,0.5992030112964657,1.0252480415677443,0.9276696470369021
vwl_overdrive,vwl_boost,0.5992030112964657,1.067852544594872,0.9258768555775975
vwl_overdrive,vwl_boost,0.5992030112964657,1.110457047622,0.9234241668957739
vwl_overdrive,vwl_boost,0.5992030112964657,1.153061550649128,0.9205368282802832
vwl_overdrive,vwl_boost,0.6418075143235935,0.34357599313369835,0.8467263157675241
vwl_overdrive,vwl_boost,0.6418075143235935,0.3861804961608262,0.85806440451117
vwl_overdrive,vwl_boost,0.6418075143235935,0.4287849991879541,0.8692019738442924
vwl_overdrive,vwl_boost,0.6418075143235935,0.47138950221508197,0.8799949508007633
vwl_overdrive,vwl_boost,0.6418075143235935,0.5139940052422098,0.890242498531301
vwl_overdrive,vwl_boost,0.6418075143235935,0.5565985082693377,0.8998088642300636
vwl_overdrive,vwl_boost,0.6418075143235935,0.5992030112964656,0.9084775988055804
vwl_overdrive,vwl_boost,0.6418075143235935,0.6418075143235935,0.9161799506660585
vwl_overdrive,vwl_boost,0.6418075143235935,0.6844120173507213,0.9227822061349278
vwl_overdrive,vwl_boost,0.6418075143235935,0.7270165203778491,0.928178007719857
vwl_overdrive,vwl_boost,0.6418075143235935,0.7696210234049771,0.9323590247925343
vwl_overdrive,vwl_boost,0.6418075143235935,0.812225526432105,0.9353297545555997
vwl_overdrive,vwl_boost,0.6418075143235935,0.8548300294592328,0.9371483090302047
vwl_overdrive,vwl_boost,0.6418075143235935,0.8974345324863606,0.9378660898964578
vwl_overdrive,vwl_boost,0.6418075143235935,0.9400390355134886,0.9375634840765744
vwl_overdrive,vwl_boost,0.6418075143235935,0.9826435385406165,0.9363576573528183
vwl_overdrive,vwl_boost,0.6418075143235935,1.0252480415677443,0.9343435125404754
vwl_overdrive,vwl_boost,0.6418075143235935,1.067852544594872,0.9317577835506193
vwl_overdrive,vwl_boost,0.6418075143235935,1.110457047622,0.928779087677578
vwl_overdrive,vwl_boost,0.6418075143235935,1.153061550649128,0.9255413613120979
vwl_overdrive,vwl_boost,0.6844120173507214,0.34357599313369835,0.8703324870133259
vwl_overdrive,vwl_boost,0.6844120173507214,0.3861804961608262,0.881393061506915
vwl_overdrive,vwl_boost,0.6844120173507214,0.4287849991879541,0.8920424803937258
vwl_overdrive,vwl_boost,0.6844120173507214,0.47138950221508197,0.902124518638096
vwl_overdrive,vwl_boost,0.6844120173507214,0.5139940052422098,0.9114559151246893
vwl_overdrive,vwl_boost,0.6844120173507214,0.5565985082693377,0.9198407079620736
vwl_overdrive,vwl_boost,0.6844120173507214,0.5992030112964656,0.9272060238740426
vwl_overdrive,vwl_boost,0.6844120173507214,0.6418075143235935,0.9334520000913904
vwl_overdrive,vwl_boost,0.6844120173507214,0.6844120173507213,0.9384930951083827
vwl_overdrive,vwl_boost,0.6844120173507214,0.7270165203778491,0.9422975999760957
vwl_overdrive,vwl_boost,0.6844120173507214,0.7696210234049771,0.9449013226249448
vwl_overdrive,vwl_boost,0.6844120173507214,0.812225526432105,0.9463986632552066
vwl_overdrive,vwl_boost,0.6844120173507214,0.8548300294592328,0.9467994338792789
vwl_overdrive,vwl_boost,0.6844120173507214,0.8974345324863606,0.9462901176254472
vwl_overdrive,vwl_boost,0.6844120173507214,0.9400390355134886,0.9448430336141471
vwl_overdrive,vwl_boost,0.6844120173507214,0.9826435385406165,0.9426771220344708
vwl_overdrive,vwl_boost,0.6844120173507214,1.0252480415677443,0.9399859002105471
vwl_overdrive,vwl_boost,0.6844120173507214,1.067852544594872,0.9369716627084652
vwl_overdrive,vwl_boost,0.6844120173507214,1.110457047622,0.9336819923480972
vwl_overdrive,vwl_boost,0.6844120173507214,1.153061550649128,0.9301984500555189
vwl_overdrive,vwl_boost,0.7270165203778494,0.34357599313369835,0.8935204569578423
vwl_overdrive,vwl_boost,0.7270165203778494,0.3861804961608262,0.9040101430542808
vwl_overdrive,vwl_boost,0.7270165203778494,0.4287849991879541,0.9139000187144372
vwl_overdrive,vwl_boost,0.7270165203778494,0.47138950221508197,0.9229588558073792
vwl_overdrive,vwl_boost,0.7270165203778494,0.5139940052422098,0.9310482563129281
vwl_overdrive,vwl_boost,0.7270165203778494,0.5565985082693377,0.9380446131509277
vwl_overdrive,vwl_boost,0.7270165203778494,0.5992030112964656,0.9438989011988945
vwl_overdrive,vwl_boost,0.7270165203778494,0.6418075143235935,0.9485629034876091
vwl_overdrive,vwl_boost,0.7270165203778494,0.6844120173507213,0.9520063821578587
vwl_overdrive,vwl_boost,0.7270165203778494,0.7270165203778491,0.9542564198216036
vwl_overdrive,vwl_boost,0.7270165203778494,0.7696210234049771,0.9554284951700808
vwl_overdrive,vwl_boost,0.7270165203778494,0.812225526432105,0.9555682077084313
vwl_overdrive,vwl_boost,0.7270165203778494,0.8548300294592328,0.9547916396967939
vwl_overdrive,vwl_boost,0.7270165203778494,0.8974345324863606,0.9531450529123718
vwl_overdrive,vwl_boost,0.7270165203778494,0.9400390355134886,0.9508846369815406
vwl_overdrive,vwl_boost,0.7270165203778494,0.9826435385406165,0.9481447669727932
vwl_overdrive,vwl_boost,0.7270165203778494,1.0252480415677443,0.9450890358013327
vwl_overdrive,vwl_boost,0.7270165203778494,1.067852544594872,0.9417664406785912
vwl_overdrive,vwl_boost,0.7270165203778494,1.110457047622,0.9382604983296512
vwl_overdrive,vwl_boost,0.7270165203778494,1.153061550649128,0.9346348860085474
vwl_overdrive,vwl_boost,0.7696210234049772,0.34357599313369835,0.915901523981833
vwl_overdrive,vwl_boost,0.7696210234049772,0.3861804961608262,0.9255421067965026
vwl_overdrive,vwl_boost,0.7696210234049772,0.4287849991879541,0.9343175804376063
vwl_overdrive,vwl_boost,0.7696210234049772,0.47138950221508197,0.9420673282731343
vwl_overdrive,vwl_boost,0.7696210234049772,0.5139940052422098,0.9487088507470395
vwl_overdrive,vwl_boost,0.7696210234049772,0.5565985082693377,0.9541751563337872
vwl_overdrive,vwl_boost,0.7696210234049772,0.5992030112964656,0.958445823109053
vwl_overdrive,vwl_boost,0.7696210234049772,0.6418075143235935,0.9614991325701591
vwl_overdrive,vwl_boost,0.7696210234049772,0.6844120173507213,0.9634399811444496
vwl_overdrive,vwl_boost,0.7696210234049772,0.7270165203778491,0.9642873383829564
vwl_overdrive,vwl_boost,0.7696210234049772,0.7696210234049771,0.9641807392071329
vwl_overdrive,vwl_boost,0.7696210234049772,0.812225526432105,0.9631395146648121
vwl_overdrive,vwl_boost,0.7696210234049772,0.8548300294592328,0.9613435267368031
vwl_overdrive,vwl_boost,0.7696210234049772,0.8974345324863606,0.9589876299072915
vwl_overdrive,vwl_boost,0.7696210234049772,0.9400390355134886,0.9562179145066275
vwl_overdrive,vwl_boost,0.7696210234049772,0.9826435385406165,0.9531336839584152
vwl_overdrive,vwl_boost,0.7696210234049772,1.0252480415677443,0.9497945673879498
vwl_overdrive,vwl_boost,0.7696210234049772,1.067852544594872,0.9462759163507468
vwl_overdrive,vwl_boost,0.7696210234049772,1.110457047622,0.9426314247135774
vwl_overdrive,vwl_boost,0.7696210234049772,1.153061550649128,0.938900546499428
vwl_overdrive,vwl_boost,0.8122255264321051,0.34357599313369835,0.9370639280622854
vwl_overdrive,vwl_boost,0.8122255264321051,0.3861804961608262,0.9455172492765741
vwl_overdrive,vwl_boost,0.8122255264321051,0.4287849991879541,0.9529135000286832
vwl_overdrive,vwl_boost,0.8122255264321051,0.47138950221508197,0.9591754965617406
vwl_overdrive,vwl_boost,0.8122255264321051,0.5139940052422098,0.9642770265095417
vwl_overdrive,vwl_boost,0.8122255264321051,0.5565985082693377,0.9681589991648137
vwl_overdrive,vwl_boost,0.8122255264321051,0.5992030112964656,0.9708375595197881
vwl_overdrive,vwl_boost,0.8122255264321051,0.6418075143235935,0.9724206801423874
vwl_overdrive,vwl_boost,0.8122255264321051,0.6844120173507213,0.97301322958855
vwl_overdrive,vwl_boost,0.8122255264321051,0.7270165203778491,0.9726283279538271
vwl_overdrive,vwl_boost,0.8122255264321051,0.7696210234049771,0.9713943202107272
vwl_overdrive,vwl_boost,0.8122255264321051,0.812225526432105,0.9694730639085313
vwl_overdrive,vwl_boost,0.8122255264321051,0.8548300294592328,0.967053046810777
vwl_overdrive,vwl_boost,0.8122255264321051,0.8974345324863606,0.9642482631098377
vwl_overdrive,vwl_boost,0.8122255264321051,0.9400390355134886,0.9611319421662886
vwl_overdrive,vwl_boost,0.8122255264321051,0.9826435385406165,0.9577716346551909
vwl_overdrive,vwl_boost,0.8122255264321051,1.0252480415677443,0.9542381483901397
vwl_overdrive,vwl_boost,0.8122255264321051,1.067852544594872,0.9505863124656665
vwl_overdrive,vwl_boost,0.8122255264321051,1.110457047622,0.9468494263052111
vwl_overdrive,vwl_boost,0.8122255264321051,1.153061550649128,0.9430473497234139
vwl_overdrive,vwl_boost,0.854830029459233,0.34357599313369835,0.9565659835748975
vwl_overdrive,vwl_boost,0.854830029459233,0.3861804961608262,0.9635936502138144
vwl_overdrive,vwl_boost,0.854830029459233,0.4287849991879541,0.9694645914310093
vwl_overdrive,vwl_boost,0.854830029459233,0.47138950221508197,0.9741899432418764
vwl_overdrive,vwl_boost,0.854830029459233,0.5139940052422098,0.9776910989913108
vwl_overdrive,vwl_boost,0.854830029459233,0.5565985082693377,0.9800241933924281
vwl_overdrive,vwl_boost,0.854830029459233,0.5992030112964656,0.9812621911827625
vwl_overdrive,vwl_boost,0.854830029459233,0.6418075143235935,0.9815818513915298
vwl_overdrive,vwl_boost,0.854830029459233,0.6844120173507213,0.9809303985014955
vwl_overdrive,vwl_boost,0.854830029459233,0.7270165203778491,0.9795559995479148
vwl_overdrive,vwl_boost,0.854830029459233,0.7696210234049771,0.9775511297278523
vwl_overdrive,vwl_boost,0.854830029459233,0.812225526432105,0.9750858355132107
vwl_overdrive,vwl_boost,0.854830029459233,0.8548300294592328,0.9722474073700503
vwl_overdrive,vwl_boost,0.854830029459233,0.8974345324863606,0.9691092028311877
vwl_overdrive,vwl_boost,0.854830029459233,0.9400390355134886,0.9657432987911122
vwl_overdrive,vwl_boost,0.854830029459233,0.9826435385406165,0.9621987811048012
vwl_overdrive,vwl_boost,0.854830029459233,1.0252480415677443,0.9585245165079511
vwl_overdrive,vwl_boost,0.854830029459233,1.067852544594872,0.9547670963664147
vwl_overdrive,vwl_boost,0.854830029459233,1.110457047622,0.9509488717546805
vwl_overdrive,vwl_boost,0.854830029459233,1.153061550649128,0.9470825042291696
vwl_overdrive,vwl_boost,0.8974345324863608,0.34357599313369835,0.9741163115647271
vwl_overdrive,vwl_boost,0.8974345324863608,0.3861804961608262,0.9795940029582947
vwl_overdrive,vwl_boost,0.8974345324863608,0.4287849991879541,0.9839167565990168
vwl_overdrive,vwl_boost,0.8974345324863608,0.47138950221508197,0.9870638015812766
vwl_overdrive,vwl_boost,0.8974345324863608,0.5139940052422098,0.9890478410181113
vwl_overdrive,vwl_boost,0.8974345324863608,0.5565985082693377,0.9900194308456393
vwl_overdrive,vwl_boost,0.8974345324863608,0.5992030112964656,0.990012935615004
vwl_overdrive,vwl_boost,0.8974345324863608,0.6418075143235935,0.9891531638223563
vwl_overdrive,vwl_boost,0.8974345324863608,0.6844120173507213,0.9876405396984024
vwl_overdrive,vwl_boost,0.8974345324863608,0.7270165203778491,0.985582929232771
vwl_overdrive,vwl_boost,0.8974345324863608,0.7696210234049771,0.9830833335818828
vwl_overdrive,vwl_boost,0.8974345324863608,0.812225526432105,0.9802142543366424
vwl_overdrive,vwl_boost,0.8974345324863608,0.8548300294592328,0.9770707366423733
vwl_overdrive,vwl_boost,0.8974345324863608,0.8974345324863606,0.9736967665125115
vwl_overdrive,vwl_boost,0.8974345324863608,0.9400390355134886,0.9701407369493223
vwl_overdrive,vwl_boost,0.8974345324863608,0.9826435385406165,0.9664586607982998
vwl_overdrive,vwl_boost,0.8974345324863608,1.0252480415677443,0.9626933059668227
vwl_overdrive,vwl_boost,0.8974345324863608,1.067852544594872,0.9588529238659433
vwl_overdrive,vwl_boost,0.8974345324863608,1.110457047622,0.9549567557231888
vwl_overdrive,vwl_boost,0.8974345324863608,1.153061550649128,0.9510295765749625
vwl_overdrive,vwl_boost,0.9400390355134888,0.34357599313369835,0.9895735711486955
vwl_overdrive,vwl_boost,0.9400390355134888,0.3861804961608262,0.9934938021591018
vwl_overdrive,vwl_boost,0.9400390355134888,0.4287849991879541,0.9962753825982215
vwl_overdrive,vwl_boost,0.9400390355134888,0.47138950221508197,0.9979423521890057
vwl_overdrive,vwl_boost,0.9400390355134888,0.5139940052422098,0.9986274209187185
vwl_overdrive,vwl_boost,0.9400390355134888,0.5565985082693377,0.9983570687685415
vwl_overdrive,vwl_boost,0.9400390355134888,0.5992030112964656,0.9973245462648169
vwl_overdrive,vwl_boost,0.9400390355134888,0.6418075143235935,0.9957062963245944
vwl_overdrive,vwl_boost,0.9400390355134888,0.6844120173507213,0.9935901929179458
vwl_overdrive,vwl_boost,0.9400390355134888,0.7270165203778491,0.9910410071804203
vwl_overdrive,vwl_boost,0.9400390355134888,0.7696210234049771,0.9881560031806289
vwl_overdrive,vwl_boost,0.9400390355134888,0.812225526432105,0.9850033629306217
vwl_overdrive,vwl_boost,0.9400390355134888,0.8548300294592328,0.9816188456912608
vwl_overdrive,vwl_boost,0.9400390355134888,0.8974345324863606,0.9780635255348813
vwl_overdrive,vwl_boost,0.9400390355134888,0.9400390355134886,0.9743836107763297
vwl_overdrive,vwl_boost,0.9400390355134888,0.9826435385406165,0.9706154198219296
vwl_overdrive,vwl_boost,0.9400390355134888,1.0252480415677443,0.9667669810694299
vwl_overdrive,vwl_boost,0.9400390355134888,1.067852544594872,0.9628575199934283
vwl_overdrive,vwl_boost,0.9400390355134888,1.110457047622,0.9589032990120083
vwl_overdrive,vwl_boost,0.9400390355134888,1.153061550649128,0.9549196454652984
vwl_overdrive,vwl_boost,0.9826435385406166,0.34357599313369835,1.002945820521508
vwl_overdrive,vwl_boost,0.9826435385406166,0.3861804961608262,1.005343641080901
vwl_overdrive,vwl_boost,0.9826435385406166,0.4287849991879541,1.0067206091075647
vwl_overdrive,vwl_boost,0.9826435385406166,0.47138950221508197,1.0071088032924778
vwl_overdrive,vwl_boost,0.9826435385406166,0.5139940052422098,1.006638381083499
vwl_overdrive,vwl_boost,0.9826435385406166,0.5565985082693377,1.005466641692487
vwl_overdrive,vwl_boost,0.9826435385406166,0.5992030112964656,1.0037640724039416
vwl_overdrive,vwl_boost,0.9826435385406166,0.6418075143235935,1.0015932759098523
vwl_overdrive,vwl_boost,0.9826435385406166,0.6844120173507213,0.9989992578005993
vwl_overdrive,vwl_boost,0.9826435385406166,0.7270165203778491,0.9960913622126149
vwl_overdrive,vwl_boost,0.9826435385406166,0.7696210234049771,0.9929189566670663
vwl_overdrive,vwl_boost,0.9826435385406166,0.812225526432105,0.9895262739580803
vwl_overdrive,vwl_boost,0.9826435385406166,0.8548300294592328,0.9859684689683758
vwl_overdrive,vwl_boost,0.9826435385406166,0.8974345324863606,0.9822849189612171
vwl_overdrive,vwl_boost,0.9826435385406166,0.9400390355134886,0.978519885573833
vwl_overdrive,vwl_boost,0.9826435385406166,0.9826435385406165,0.9746725980510025
vwl_overdrive,vwl_boost,0.9826435385406166,1.0252480415677443,0.9707543103428049
vwl_overdrive,vwl_boost,0.9826435385406166,1.067852544594872,0.9667926404745643
vwl_overdrive,vwl_boost,0.9826435385406166,1.110457047622,0.962792227350082
vwl_overdrive,vwl_boost,0.9826435385406166,1.153061550649128,0.9587643384516041
vwl_overdrive,vwl_boost,1.0252480415677445,0.34357599313369835,1.0143248619546563
vwl_overdrive,vwl_boost,1.0252480415677445,0.3861804961608262,1.0153753590679826
vwl_overdrive,vwl_boost,1.0252480415677445,0.4287849991879541,1.0155062122810223
vwl_overdrive,vwl_boost,1.0252480415677445,0.47138950221508197,1.0148712332131018
vwl_overdrive,vwl_boost,1.0252480415677445,0.5139940052422098,1.013599354743519
vwl_overdrive,vwl_boost,1.0252480415677445,0.5565985082693377,1.011818960121898
vwl_overdrive,vwl_boost,1.0252480415677445,0.5992030112964656,1.009583362934381
vwl_overdrive,vwl_boost,1.0252480415677445,0.6418075143235935,1.0069630070606412
vwl_overdrive,vwl_boost,1.0252480415677445,0.6844120173507213,1.0040370776581768
vwl_overdrive,vwl_boost,1.0252480415677445,0.7270165203778491,1.0008393670799263
vwl_overdrive,vwl_boost,1.0252480415677445,0.7696210234049771,0.9974331769704591
vwl_overdrive,vwl_boost,1.0252480415677445,0.812225526432105,0.9938619522177344
vwl_overdrive,vwl_boost,1.0252480415677445,0.8548300294592328,0.9901807245224284
vwl_overdrive,vwl_boost,1.0252480415677445,0.8974345324863606,0.986408886557139
vwl_overdrive,vwl_boost,1.0252480415677445,0.9400390355134886,0.9825608952447822
vwl_overdrive,vwl_boost,1.0252480415677445,0.9826435385406165,0.9786439368443689
vwl_overdrive,vwl_boost,1.0252480415677445,1.0252480415677443,0.9746772601174203
vwl_overdrive,vwl_boost,1.0252480415677445,1.067852544594872,0.9706645085706692
vwl_overdrive,vwl_boost,1.0252480415677445,1.110457047622,0.9666291917942751
vwl_overdrive,vwl_boost,1.0252480415677445,1.153061550649128,0.962571628767817
vwl_overdrive,vwl_boost,1.0678525445948726,0.34357599313369835,1.0239476616261542
vwl_overdrive,vwl_boost,1.0678525445948726,0.3861804961608262,1.0238629002393385
vwl_overdrive,vwl_boost,1.0678525445948726,0.4287849991879541,1.0230889496279658
vwl_overdrive,vwl_boost,1.0678525445948726,0.47138950221508197,1.0217358364196327
vwl_overdrive,vwl_boost,1.0678525445948726,0.5139940052422098,1.0198738000164058
vwl_overdrive,vwl_boost,1.0678525445948726,0.5565985082693377,1.0175839459756453
vwl_overdrive,vwl_boost,1.0678525445948726,0.5992030112964656,1.0149256361436745
vwl_overdrive,vwl_boost,1.0678525445948726,0.6418075143235935,1.0119792098196143
vwl_overdrive,vwl_boost,1.0678525445948726,0.6844120173507213,1.0087721524185704
vwl_overdrive,vwl_boost,1.0678525445948726,0.7270165203778491,1.005349643692765
vwl_overdrive,vwl_boost,1.0678525445948726,0.7696210234049771,1.0017694244369604
vwl_overdrive,vwl_boost,1.0678525445948726,0.812225526432105,0.9980763593345613
vwl_overdrive,vwl_boost,1.0678525445948726,0.8548300294592328,0.9942971239957937
vwl_overdrive,vwl_boost,1.0678525445948726,0.8974345324863606,0.9904423349966118
vwl_overdrive,vwl_boost,1.0678525445948726,0.9400390355134886,0.9865223388223815
vwl_overdrive,vwl_boost,1.0678525445948726,0.9826435385406165,0.9825602693634329
vwl_overdrive,vwl_boost,1.0678525445948726,1.0252480415677443,0.978547745332592
vwl_overdrive,vwl_boost,1.0678525445948726,1.067852544594872,0.9744990308586998
vwl_overdrive,vwl_boost,1.0678525445948726,1.110457047622,0.970429907792762
vwl_overdrive,vwl_boost,1.0678525445948726,1.153061550649128,0.9663466307632407
vwl_overdrive,vwl_boost,1.1104570476220004,0.34357599313369835,1.0322002336988552
vwl_overdrive,vwl_boost,1.1104570476220004,0.3861804961608262,1.031319529602622
vwl_overdrive,vwl_boost,1.1104570476220004,0.4287849991879541,1.0298905294311316
vwl_overdrive,vwl_boost,1.1104570476220004,0.47138950221508197,1.027952014088795
vwl_overdrive,vwl_boost,1.1104570476220004,0.5139940052422098,1.0256060162589868
vwl_overdrive,vwl_boost,1.1104570476220004,0.5565985082693377,1.0229059642868619
vwl_overdrive,vwl_boost,1.1104570476220004,0.5992030112964656,1.0199272461590265
vwl_overdrive,vwl_boost,1.1104570476220004,0.6418075143235935,1.016698405630424
vwl_overdrive,vwl_boost,1.1104570476220004,0.6844120173507213,1.0132703948638027
vwl_overdrive,vwl_boost,1.1104570476220004,0.7270165203778491,1.0096915685655476
vwl_overdrive,vwl_boost,1.1104570476220004,0.7696210234049771,1.0059860354245727
vwl_overdrive,vwl_boost,1.1104570476220004,0.812225526432105,1.0021974414191026
vwl_overdrive,vwl_boost,1.1104570476220004,0.8548300294592328,0.9983303819936564
vwl_overdrive,vwl_boost,1.1104570476220004,0.8974345324863606,0.9944025001364433
vwl_overdrive,vwl_boost,1.1104570476220004,0.9400390355134886,0.9904355379421168
vwl_overdrive,vwl_boost,1.1104570476220004,0.9826435385406165,0.9864333264485549
vwl_overdrive,vwl_boost,1.1104570476220004,1.0252480415677443,0.9823834609608175
vwl_overdrive,vwl_boost,1.1104570476220004,1.067852544594872,0.9783080374394247
vwl_overdrive,vwl_boost,1.1104570476220004,1.110457047622,0.9742115133264659
vwl_overdrive,vwl_boost,1.1104570476220004,1.153061550649128,0.9700983579594855
vwl_overdrive,vwl_boost,1.1530615506491282,0.34357599313369835,1.0395534627669818
vwl_overdrive,vwl_boost,1.1530615506491282,0.3861804961608262,1.0380484501509144
vwl_overdrive,vwl_boost,1.1530615506491282,0.4287849991879541,1.036052061829334
vwl_overdrive,vwl_boost,1.1530615506491282,0.47138950221508197,1.033667365997026
vwl_overdrive,vwl_boost,1.1530615506491282,0.5139940052422098,1.0309247230378262
vwl_overdrive,vwl_boost,1.1530615506491282,0.5565985082693377,1.027904488675439
vwl_overdrive,vwl_boost,1.1530615506491282,0.5992030112964656,1.0246395294742907
vwl_overdrive,vwl_boost,1.1530615506491282,0.6418075143235935,1.021194075605529
vwl_overdrive,vwl_boost,1.1530615506491282,0.6844120173507213,1.017603470746535
vwl_overdrive,vwl_boost,1.1530615506491282,0.7270165203778491,1.0139003188541023
vwl_overdrive,vwl_boost,1.1530615506491282,0.7696210234049771,1.010107745346242
vwl_overdrive,vwl_boost,1.1530615506491282,0.812225526432105,1.0062310857251322
vwl_overdrive,vwl_boost,1.1530615506491282,0.8548300294592328,1.0023002537345813
vwl_overdrive,vwl_boost,1.1530615506491282,0.8974345324863606,0.998326078123228
vwl_overdrive,vwl_boost,1.1530615506491282,0.9400390355134886,0.9943161340564508
vwl_overdrive,vwl_boost,1.1530615506491282,0.9826435385406165,0.9902717627950544
vwl_overdrive,vwl_boost,1.1530615506491282,1.0252480415677443,0.9861991567941192
vwl_overdrive,vwl_boost,1.1530615506491282,1.067852544594872,0.9820962239536399
vwl_overdrive,vwl_boost,1.1530615506491282,1.110457047622,0.9779738843773726
vwl_overdrive,vwl_boost,1.1530615506491282,1.153061550649128,0.9738442632978752
vwl_overdrive,wsan,0.34357599313369835,9.943401515554479e-08,0.7740999932998699
vwl_overdrive,wsan,0.34357599313369835,1.2000785584860075e-07,0.7754168706771202
vwl_overdrive,wsan,0.34357599313369835,1.405816965416567e-07,0.7767586839778908
vwl_overdrive,wsan,0.34357599313369835,1.6115553723471268e-07,0.7781455396165999
vwl_overdrive,wsan,0.34357599313369835,1.8172937792776862e-07,0.7795663215143613
vwl_overdrive,wsan,0.34357599313369835,2.0230321862082457e-07,0.7810013226684007
vwl_overdrive,wsan,0.34357599313369835,2.2287705931388052e-07,0.7824486461978581
vwl_overdrive,wsan,0.34357599313369835,2.4345090000693647e-07,0.783911246441468
vwl_overdrive,wsan,0.34357599313369835,2.640247406999924e-07,0.7853977326890572
vwl_overdrive,wsan,0.34357599313369835,2.8459858139304836e-07,0.786894450062063
vwl_overdrive,wsan,0.34357599313369835,3.051724220861043e-07,0.788397512258257
vwl_overdrive,wsan,0.34357599313369835,3.257462627791603e-07,0.7898982836638289
vwl_overdrive,wsan,0.34357599313369835,3.4632010347221626e-07,0.7914013860568833
vwl_overdrive,wsan,0.34357599313369835,3.668939441652722e-07,0.7929098097270929
vwl_overdrive,wsan,0.34357599313369835,3.8746778485832815e-07,0.7944164349153074
vwl_overdrive,wsan,0.34357599313369835,4.080416255513841e-07,0.7959223671283507
vwl_overdrive,wsan,0.34357599313369835,4.2861546624444005e-07,0.7974157130250423
vwl_overdrive,wsan,0.34357599313369835,4.49189306937496e-07,0.7989051462225567
vwl_overdrive,wsan,0.34357599313369835,4.6976314763055195e-07,0.8003952207596978
vwl_overdrive,wsan,0.34357599313369835,4.903369883236079e-07,0.801874437435531
vwl_overdrive,wsan,0.3861804961608262,9.943401515554479e-08,0.7935260682760209
vwl_overdrive,wsan,0.3861804961608262,1.2000785584860075e-07,0.7951167541992717
vwl_overdrive,wsan,0.3861804961608262,1.405816965416567e-07,0.7967382705803178
vwl_overdrive,wsan,0.3861804961608262,1.6115553723471268e-07,0.798372354002065
vwl_overdrive,wsan,0.3861804961608262,1.8172937792776862e-07,0.8000025853320223
vwl_overdrive,wsan,0.3861804961608262,2.0230321862082457e-07,0.8016296993775079
vwl_overdrive,wsan,0.3861804961608262,2.2287705931388052e-07,0.8032600957816426
vwl_overdrive,wsan,0.3861804961608262,2.4345090000693647e-07,0.8048950084979594
vwl_overdrive,wsan,0.3861804961608262,2.640247406999924e-07,0.806545358607259
vwl_overdrive,wsan,0.3861804961608262,2.8459858139304836e-07,0.8081972220291122
vwl_overdrive,wsan,0.3861804961608262,3.051724220861043e-07,0.809839393575325
vwl_overdrive,wsan,0.3861804961608262,3.257462627791603e-07,0.8114762454718835
vwl_overdrive,wsan,0.3861804961608262,3.4632010347221626e-07,0.8131123037425259
vwl_overdrive,wsan,0.3861804961608262,3.668939441652722e-07,0.8147379906389564
vwl_overdrive,wsan,0.3861804961608262,3.8746778485832815e-07,0.816354556893148
vwl_overdrive,wsan,0.3861804961608262,4.080416255513841e-07,0.8179527536016872
vwl_overdrive,wsan,0.3861804961608262,4.2861546624444005e-07,0.819545437019452
vwl_overdrive,wsan,0.3861804961608262,4.49189306937496e-07,0.8211297343058422
vwl_overdrive,wsan,0.3861804961608262,4.6976314763055195e-07,0.8227117820418498
vwl_overdrive,wsan,0.3861804961608262,4.903369883236079e-07,0.8242872297426633
vwl_overdrive,wsan,0.4287849991879541,9.943401515554479e-08,0.8119916805893926
vwl_overdrive,wsan,0.4287849991879541,1.2000785584860075e-07,0.8138877932540532
vwl_overdrive,wsan,0.4287849991879541,1.405816965416567e-07,0.8157843385347994
vwl_overdrive,wsan,0.4287849991879541,1.6115553723471268e-07,0.817682840142264
vwl_overdrive,wsan,0.4287849991879541,1.8172937792776862e-07,0.8195625221203512
vwl_overdrive,wsan,0.4287849991879541,2.0230321862082457e-07,0.8214266459504151
vwl_overdrive,wsan,0.4287849991879541,2.2287705931388052e-07,0.8232907553669538
vwl_overdrive,wsan,0.4287849991879541,2.4345090000693647e-07,0.8251435639137581
vwl_overdrive,wsan,0.4287849991879541,2.640247406999924e-07,0.8269787604545421
vwl_overdrive,wsan,0.4287849991879541,2.8459858139304836e-07,0.8287930436588669
vwl_overdrive,wsan,0.4287849991879541,3.051724220861043e-07,0.8305914392887137
vwl_overdrive,wsan,0.4287849991879541,3.257462627791603e-07,0.8323654000086552
vwl_overdrive,wsan,0.4287849991879541,3.4632010347221626e-07,0.8341259259015351
vwl_overdrive,wsan,0.4287849991879541,3.668939441652722e-07,0.8358727858529689
vwl_overdrive,wsan,0.4287849991879541,3.8746778485832815e-07,0.8376075265659054
vwl_overdrive,wsan,0.4287849991879541,4.080416255513841e-07,0.8393300356977583
vwl_overdrive,wsan,0.4287849991879541,4.2861546624444005e-07,0.8410418887156565
vwl_overdrive,wsan,0.4287849991879541,4.49189306937496e-07,0.8427327659687487
vwl_overdrive,wsan,0.4287849991879541,4.6976314763055195e-07,0.8444097587196908
vwl_overdrive,wsan,0.4287849991879541,4.903369883236079e-07,0.8460715424573672
vwl_overdrive,wsan,0.471389502215082,9.943401515554479e-08,0.8294701857339686
vwl_overdrive,wsan,0.471389502215082,1.2000785584860075e-07,0.8316204460162299
vwl_overdrive,wsan,0.471389502215082,1.405816965416567e-07,0.8337658558334814
vwl_overdrive,wsan,0.471389502215082,1.6115553723471268e-07,0.8359165451327853
vwl_overdrive,wsan,0.471389502215082,1.8172937792776862e-07,0.8380610961544841
vwl_overdrive,wsan,0.471389502215082,2.0230321862082457e-07,0.8401863637745306
vwl_overdrive,wsan,0.471389502215082,2.2287705931388052e-07,0.8422890302697691
vwl_overdrive,wsan,0.471389502215082,2.4345090000693647e-07,0.8443760231822987
vwl_overdrive,wsan,0.471389502215082,2.640247406999924e-07,0.8464324639995946
vwl_overdrive,wsan,0.471389502215082,2.8459858139304836e-07,0.8484559482121413
vwl_overdrive,wsan,0.471389502215082,3.051724220861043e-07,0.8504488994553175
vwl_overdrive,wsan,0.471389502215082,3.257462627791603e-07,0.8524082100520908
vwl_overdrive,wsan,0.471389502215082,3.4632010347221626e-07,0.8543329389552101
vwl_overdrive,wsan,0.471389502215082,3.668939441652722e-07,0.8562289404059866
vwl_overdrive,wsan,0.471389502215082,3.8746778485832815e-07,0.8580967771237441
vwl_overdrive,wsan,0.471389502215082,4.080416255513841e-07,0.8599447295555304
vwl_overdrive,wsan,0.471389502215082,4.2861546624444005e-07,0.8617727213759633
vwl_overdrive,wsan,0.471389502215082,4.49189306937496e-07,0.8635815147924975
vwl_overdrive,wsan,0.471389502215082,4.6976314763055195e-07,0.8653667461211978
vwl_overdrive,wsan,0.471389502215082,4.903369883236079e-07,0.8671307842332316
vwl_overdrive,wsan,0.5139940052422098,9.943401515554479e-08,0.845932153253639
vwl_overdrive,wsan,0.5139940052422098,1.2000785584860075e-07,0.8483530824781086
vwl_overdrive,wsan,0.5139940052422098,1.405816965416567e-07,0.850770114741115
vwl_overdrive,wsan,0.5139940052422098,1.6115553723471268e-07,0.8531709102911761
vwl_overdrive,wsan,0.5139940052422098,1.8172937792776862e-07,0.8555376607509227
vwl_overdrive,wsan,0.5139940052422098,2.0230321862082457e-07,0.8578836144203703
vwl_overdrive,wsan,0.5139940052422098,2.2287705931388052e-07,0.8602114866432687
vwl_overdrive,wsan,0.5139940052422098,2.4345090000693647e-07,0.8625191419695567
vwl_overdrive,wsan,0.5139940052422098,2.640247406999924e-07,0.864795019871286
vwl_overdrive,wsan,0.5139940052422098,2.8459858139304836e-07,0.8670339073328408
vwl_overdrive,wsan,0.5139940052422098,3.051724220861043e-07,0.8692317069356716
vwl_overdrive,wsan,0.5139940052422098,3.257462627791603e-07,0.8713968994805885
vwl_overdrive,wsan,0.5139940052422098,3.4632010347221626e-07,0.8735169504100765
vwl_overdrive,wsan,0.5139940052422098,3.668939441652722e-07,0.8755923066047138
vwl_overdrive,wsan,0.5139940052422098,3.8746778485832815e-07,0.8776379764193573
vwl_overdrive,wsan,0.5139940052422098,4.080416255513841e-07,0.8796581437624326
vwl_overdrive,wsan,0.5139940052422098,4.2861546624444005e-07,0.8816386554645059
vwl_overdrive,wsan,0.5139940052422098,4.49189306937496e-07,0.8835794287963523
vwl_overdrive,wsan,0.5139940052422098,4.6976314763055195e-07,0.8854909408748507
vwl_overdrive,wsan,0.5139940052422098,4.903369883236079e-07,0.8873696845879098
vwl_overdrive,wsan,0.5565985082693378,9.943401515554479e-08,0.8613243982970425
vwl_overdrive,wsan,0.5565985082693378,1.2000785584860075e-07,0.8639889709001285
vwl_overdrive,wsan,0.5565985082693378,1.405816965416567e-07,0.8666423154339948
vwl_overdrive,wsan,0.5565985082693378,1.6115553723471268e-07,0.8692694552584576
vwl_overdrive,wsan,0.5565985082693378,1.8172937792776862e-07,0.8718787825166469
vwl_overdrive,wsan,0.5565985082693378,2.0230321862082457e-07,0.8744614223416547
vwl_overdrive,wsan,0.5565985082693378,2.2287705931388052e-07,0.8770128105686084
vwl_overdrive,wsan,0.5565985082693378,2.4345090000693647e-07,0.8795198345388805
vwl_overdrive,wsan,0.5565985082693378,2.640247406999924e-07,0.8819807925487088
vwl_overdrive,wsan,0.5565985082693378,2.8459858139304836e-07,0.8844035497081933
vwl_overdrive,wsan,0.5565985082693378,3.051724220861043e-07,0.8867946459108307
vwl_overdrive,wsan,0.5565985082693378,3.257462627791603e-07,0.8891562805194835
vwl_overdrive,wsan,0.5565985082693378,3.4632010347221626e-07,0.8914784119006836
vwl_overdrive,wsan,0.5565985082693378,3.668939441652722e-07,0.8937561069167665
vwl_overdrive,wsan,0.5565985082693378,3.8746778485832815e-07,0.895991402438468
vwl_overdrive,wsan,0.5565985082693378,4.080416255513841e-07,0.8981930213284853
vwl_overdrive,wsan,0.5565985082693378,4.2861546624444005e-07,0.9003544247294809
vwl_overdrive,wsan,0.5565985082693378,4.49189306937496e-07,0.9024732975666848
vwl_overdrive,wsan,0.5565985082693378,4.6976314763055195e-07,0.9045511856784682
vwl_overdrive,wsan,0.5565985082693378,4.903369883236079e-07,0.9065899842959045
vwl_overdrive,wsan,0.5992030112964657,9.943401515554479e-08,0.8756305974181872
vwl_overdrive,wsan,0.5992030112964657,1.2000785584860075e-07,0.8785327416791191
vwl_overdrive,wsan,0.5992030112964657,1.405816965416567e-07,0.881418902171019
vwl_overdrive,wsan,0.5992030112964657,1.6115553723471268e-07,0.8842808540211049
vwl_overdrive,wsan,0.5992030112964657,1.8172937792776862e-07,0.8871087825966871
vwl_overdrive,wsan,0.5992030112964657,2.0230321862082457e-07,0.889894575273227
vwl_overdrive,wsan,0.5992030112964657,2.2287705931388052e-07,0.8926322271462377
vwl_overdrive,wsan,0.5992030112964657,2.4345090000693647e-07,0.8953361429103761
vwl_overdrive,wsan,0.5992030112964657,2.640247406999924e-07,0.8980019556210657
vwl_overdrive,wsan,0.5992030112964657,2.8459858139304836e-07,0.9006363263305651
vwl_overdrive,wsan,0.5992030112964657,3.051724220861043e-07,0.9032333499870984
vwl_overdrive,wsan,0.5992030112964657,3.257462627791603e-07,0.9057836722678693
vwl_overdrive,wsan,0.5992030112964657,3.4632010347221626e-07,0.9082787185161466
vwl_overdrive,wsan,0.5992030112964657,3.668939441652722e-07,0.910723911958547
vwl_overdrive,wsan,0.5992030112964657,3.8746778485832815e-07,0.9131369549827224
vwl_overdrive,wsan,0.5992030112964657,4.080416255513841e-07,0.9155154825736278
vwl_overdrive,wsan,0.5992030112964657,4.2861546624444005e-07,0.9178566945092079
vwl_overdrive,wsan,0.5992030112964657,4.49189306937496e-07,0.920161477523523
vwl_overdrive,wsan,0.5992030112964657,4.6976314763055195e-07,0.9224229748340231
vwl_overdrive,wsan,0.5992030112964657,4.903369883236079e-07,0.9246375785566684
vwl_overdrive,wsan,0.6418075143235935,9.943401515554479e-08,0.8888649932346567
vwl_overdrive,wsan,0.6418075143235935,1.2000785584860075e-07,0.891977606168618
vwl_overdrive,wsan,0.6418075143235935,1.405816965416567e-07,0.8950710055491921
vwl_overdrive,wsan,0.6418075143235935,1.6115553723471268e-07,0.898116310706749
vwl_overdrive,wsan,0.6418075143235935,1.8172937792776862e-07,0.9011344180427828
vwl_overdrive,wsan,0.6418075143235935,2.0230321862082457e-07,0.9041101764619137
vwl_overdrive,wsan,0.6418075143235935,2.2287705931388052e-07,0.9070491616787962
vwl_overdrive,wsan,0.6418075143235935,2.4345090000693647e-07,0.9099472435012785
vwl_overdrive,wsan,0.6418075143235935,2.640247406999924e-07,0.9128100036771902
vwl_overdrive,wsan,0.6418075143235935,2.8459858139304836e-07,0.9156300923877028
vwl_overdrive,wsan,0.6418075143235935,3.051724220861043e-07,0.9184038327708379
vwl_overdrive,wsan,0.6418075143235935,3.257462627791603e-07,0.9211331317561502
vwl_overdrive,wsan,0.6418075143235935,3.4632010347221626e-07,0.9238280101435014
vwl_overdrive,wsan,0.6418075143235935,3.668939441652722e-07,0.9264826672010228
vwl_overdrive,wsan,0.6418075143235935,3.8746778485832815e-07,0.9290912671283525
vwl_overdrive,wsan,0.6418075143235935,4.080416255513841e-07,0.9316542749964278
vwl_overdrive,wsan,0.6418075143235935,4.2861546624444005e-07,0.9341714312230758
vwl_overdrive,wsan,0.6418075143235935,4.49189306937496e-07,0.9366469802101258
vwl_overdrive,wsan,0.6418075143235935,4.6976314763055195e-07,0.939083461416035
vwl_overdrive,wsan,0.6418075143235935,4.903369883236079e-07,0.9414692549296629
vwl_overdrive,wsan,0.6844120173507214,9.943401515554479e-08,0.9009322939678023
vwl_overdrive,wsan,0.6844120173507214,1.2000785584860075e-07,0.9042753912336166
vwl_overdrive,wsan,0.6844120173507214,1.405816965416567e-07,0.9075781118507377
vwl_overdrive,wsan,0.6844120173507214,1.6115553723471268e-07,0.9108262759103833
vwl_overdrive,wsan,0.6844120173507214,1.8172937792776862e-07,0.9140307122117042
vwl_overdrive,wsan,0.6844120173507214,2.0230321862082457e-07,0.9171940569350736
vwl_overdrive,wsan,0.6844120173507214,2.2287705931388052e-07,0.9203202530964545
vwl_overdrive,wsan,0.6844120173507214,2.4345090000693647e-07,0.9233840067516628
vwl_overdrive,wsan,0.6844120173507214,2.640247406999924e-07,0.9264169639268806
vwl_overdrive,wsan,0.6844120173507214,2.8459858139304836e-07,0.9294138931081197
vwl_overdrive,wsan,0.6844120173507214,3.051724220861043e-07,0.932375309365452
vwl_overdrive,wsan,0.6844120173507214,3.257462627791603e-07,0.9352947095696486
vwl_overdrive,wsan,0.6844120173507214,3.4632010347221626e-07,0.9381744417160127
vwl_overdrive,wsan,0.6844120173507214,3.668939441652722e-07,0.9410047212478092
vwl_overdrive,wsan,0.6844120173507214,3.8746778485832815e-07,0.9437896670526528
vwl_overdrive,wsan,0.6844120173507214,4.080416255513841e-07,0.9465275597925986
vwl_overdrive,wsan,0.6844120173507214,4.2861546624444005e-07,0.9492304415929723
vwl_overdrive,wsan,0.6844120173507214,4.49189306937496e-07,0.9518977477196628
vwl_overdrive,wsan,0.6844120173507214,4.6976314763055195e-07,0.9545218021084074
vwl_overdrive,wsan,0.6844120173507214,4.903369883236079e-07,0.9570934222130508
vwl_overdrive,wsan,0.7270165203778494,9.943401515554479e-08,0.9118763770180552
vwl_overdrive,wsan,0.7270165203778494,1.2000785584860075e-07,0.9154085385949078
vwl_overdrive,wsan,0.7270165203778494,1.405816965416567e-07,0.9188939095681471
vwl_overdrive,wsan,0.7270165203778494,1.6115553723471268e-07,0.9223365300972779
vwl_overdrive,wsan,0.7270165203778494,1.8172937792776862e-07,0.9257388331311917
vwl_overdrive,wsan,0.7270165203778494,2.0230321862082457e-07,0.929102057258215
vwl_overdrive,wsan,0.7270165203778494,2.2287705931388052e-07,0.9324248339573767
vwl_overdrive,wsan,0.7270165203778494,2.4345090000693647e-07,0.9356984224207596
vwl_overdrive,wsan,0.7270165203778494,2.640247406999924e-07,0.9389191896360795
vwl_overdrive,wsan,0.7270165203778494,2.8459858139304836e-07,0.9420886843447497
vwl_overdrive,wsan,0.7270165203778494,3.051724220861043e-07,0.9452267456035541
vwl_overdrive,wsan,0.7270165203778494,3.257462627791603e-07,0.9483082125025377
vwl_overdrive,wsan,0.7270165203778494,3.4632010347221626e-07,0.9513556537646217
vwl_overdrive,wsan,0.7270165203778494,3.668939441652722e-07,0.9543663439719998
vwl_overdrive,wsan,0.7270165203778494,3.8746778485832815e-07,0.957332132342267
vwl_overdrive,wsan,0.7270165203778494,4.080416255513841e-07,0.9602581203529764
vwl_overdrive,wsan,0.7270165203778494,4.2861546624444005e-07,0.963145312925177
vwl_overdrive,wsan,0.7270165203778494,4.49189306937496e-07,0.9659948023897403
vwl_overdrive,wsan,0.7270165203778494,4.6976314763055195e-07,0.9687946421062261
vwl_overdrive,wsan,0.7270165203778494,4.903369883236079e-07,0.9715481608605218
vwl_overdrive,wsan,0.7696210234049772,9.943401515554479e-08,0.921675566400739
vwl_overdrive,wsan,0.7696210234049772,1.2000785584860075e-07,0.925411140761265
vwl_overdrive,wsan,0.7696210234049772,1.405816965416567e-07,0.9290924577489926
vwl_overdrive,wsan,0.7696210234049772,1.6115553723471268e-07,0.9327308022723595
vwl_overdrive,wsan,0.7696210234049772,1.8172937792776862e-07,0.9363270060649129
vwl_overdrive,wsan,0.7696210234049772,2.0230321862082457e-07,0.9398695786185733
vwl_overdrive,wsan,0.7696210234049772,2.2287705931388052e-07,0.9433693975271686
vwl_overdrive,wsan,0.7696210234049772,2.4345090000693647e-07,0.9468245092448836
vwl_overdrive,wsan,0.7696210234049772,2.640247406999924e-07,0.9502331058182298
vwl_overdrive,wsan,0.7696210234049772,2.8459858139304836e-07,0.9536004641467408
vwl_overdrive,wsan,0.7696210234049772,3.051724220861043e-07,0.9569241398837364
vwl_overdrive,wsan,0.7696210234049772,3.257462627791603e-07,0.9601985930282843
vwl_overdrive,wsan,0.7696210234049772,3.4632010347221626e-07,0.9634270000118335
vwl_overdrive,wsan,0.7696210234049772,3.668939441652722e-07,0.9666019041529978
vwl_overdrive,wsan,0.7696210234049772,3.8746778485832815e-07,0.9697343788210409
vwl_overdrive,wsan,0.7696210234049772,4.080416255513841e-07,0.972817415263785
vwl_overdrive,wsan,0.7696210234049772,4.2861546624444005e-07,0.9758642200396597
vwl_overdrive,wsan,0.7696210234049772,4.49189306937496e-07,0.9788718650374661
vwl_overdrive,wsan,0.7696210234049772,4.6976314763055195e-07,0.9818523065520247
vwl_overdrive,wsan,0.7696210234049772,4.903369883236079e-07,0.9847962629056544
vwl_overdrive,wsan,0.8122255264321051,9.943401515554479e-08,0.930431260775504
vwl_overdrive,wsan,0.8122255264321051,1.2000785584860075e-07,0.9343374667481584
vwl_overdrive,wsan,0.8122255264321051,1.405816965416567e-07,0.9381851441130096
vwl_overdrive,wsan,0.8122255264321051,1.6115553723471268e-07,0.9419913698359349
vwl_overdrive,wsan,0.8122255264321051,1.8172937792776862e-07,0.9457676318614501
vwl_overdrive,wsan,0.8122255264321051,2.0230321862082457e-07,0.9495077520040204
vwl_overdrive,wsan,0.8122255264321051,2.2287705931388052e-07,0.9531986166958966
vwl_overdrive,wsan,0.8122255264321051,2.4345090000693647e-07,0.9568444025808678
vwl_overdrive,wsan,0.8122255264321051,2.640247406999924e-07,0.960435327674478
vwl_overdrive,wsan,0.8122255264321051,2.8459858139304836e-07,0.963973078698086
vwl_overdrive,wsan,0.8122255264321051,3.051724220861043e-07,0.967465686025267
vwl_overdrive,wsan,0.8122255264321051,3.257462627791603e-07,0.970920851563557
vwl_overdrive,wsan,0.8122255264321051,3.4632010347221626e-07,0.9743248911660091
vwl_overdrive,wsan,0.8122255264321051,3.668939441652722e-07,0.9776817726087652
vwl_overdrive,wsan,0.8122255264321051,3.8746778485832815e-07,0.981000781607595
vwl_overdrive,wsan,0.8122255264321051,4.080416255513841e-07,0.9842709492442469
vwl_overdrive,wsan,0.8122255264321051,4.2861546624444005e-07,0.9874946145799307
vwl_overdrive,wsan,0.8122255264321051,4.49189306937496e-07,0.9906699849809447
vwl_overdrive,wsan,0.8122255264321051,4.6976314763055195e-07,0.9938113346752364
vwl_overdrive,wsan,0.8122255264321051,4.903369883236079e-07,0.996906266087504
vwl_overdrive,wsan,0.854830029459233,9.943401515554479e-08,0.9383119384636
vwl_overdrive,wsan,0.854830029459233,1.2000785584860075e-07,0.9423478890898068
vwl_overdrive,wsan,0.854830029459233,1.405816965416567e-07,0.9463365885599393
vwl_overdrive,wsan,0.854830029459233,1.6115553723471268e-07,0.950288414462588
vwl_overdrive,wsan,0.854830029459233,1.8172937792776862e-07,0.9542051022165905
vwl_overdrive,wsan,0.854830029459233,2.0230321862082457e-07,0.9580949152455586
vwl_overdrive,wsan,0.854830029459233,2.2287705931388052e-07,0.9619447553151398
vwl_overdrive,wsan,0.854830029459233,2.4345090000693647e-07,0.9657560513256227
vwl_overdrive,wsan,0.854830029459233,2.640247406999924e-07,0.9695248723857849
vwl_overdrive,wsan,0.854830029459233,2.8459858139304836e-07,0.973251655876625
vwl_overdrive,wsan,0.854830029459233,3.051724220861043e-07,0.9769350371262057
vwl_overdrive,wsan,0.854830029459233,3.257462627791603e-07,0.9805671001482215
vwl_overdrive,wsan,0.854830029459233,3.4632010347221626e-07,0.9841478436746587
vwl_overdrive,wsan,0.854830029459233,3.668939441652722e-07,0.9876787067027228
vwl_overdrive,wsan,0.854830029459233,3.8746778485832815e-07,0.9911683760838744
vwl_overdrive,wsan,0.854830029459233,4.080416255513841e-07,0.9946212178387314
vwl_overdrive,wsan,0.854830029459233,4.2861546624444005e-07,0.9980253259888492
vwl_overdrive,wsan,0.854830029459233,4.49189306937496e-07,1.0013835441185612
vwl_overdrive,wsan,0.854830029459233,4.6976314763055195e-07,1.0047110500863428
vwl_overdrive,wsan,0.854830029459233,4.903369883236079e-07,1.0079955708586155
vwl_overdrive,wsan,0.8974345324863608,9.943401515554479e-08,0.9453430864446236
vwl_overdrive,wsan,0.8974345324863608,1.2000785584860075e-07,0.9494897190991457
vwl_overdrive,wsan,0.8974345324863608,1.405816965416567e-07,0.953605707334648
vwl_overdrive,wsan,0.8974345324863608,1.6115553723471268e-07,0.9576955603390558
vwl_overdrive,wsan,0.8974345324863608,1.8172937792776862e-07,0.9617592749881918
vwl_overdrive,wsan,0.8974345324863608,2.0230321862082457e-07,0.9657882918963981
vwl_overdrive,wsan,0.8974345324863608,2.2287705931388052e-07,0.9697765267178184
vwl_overdrive,wsan,0.8974345324863608,2.4345090000693647e-07,0.9737242412245828
vwl_overdrive,wsan,0.8974345324863608,2.640247406999924e-07,0.9776259042331655
vwl_overdrive,wsan,0.8974345324863608,2.8459858139304836e-07,0.9815025866204348
vwl_overdrive,wsan,0.8974345324863608,3.051724220861043e-07,0.9853472441575978
vwl_overdrive,wsan,0.8974345324863608,3.257462627791603e-07,0.9891416128169455
vwl_overdrive,wsan,0.8974345324863608,3.4632010347221626e-07,0.9928975109341684
vwl_overdrive,wsan,0.8974345324863608,3.668939441652722e-07,0.9966187443748135
vwl_overdrive,wsan,0.8974345324863608,3.8746778485832815e-07,1.0003004359513563
vwl_overdrive,wsan,0.8974345324863608,4.080416255513841e-07,1.0039350584548787
vwl_overdrive,wsan,0.8974345324863608,4.2861546624444005e-07,1.0075237319728354
vwl_overdrive,wsan,0.8974345324863608,4.49189306937496e-07,1.0110638181207672
vwl_overdrive,wsan,0.8974345324863608,4.6976314763055195e-07,1.0145603144500737
vwl_overdrive,wsan,0.8974345324863608,4.903369883236079e-07,1.0180245620054522
vwl_overdrive,wsan,0.9400390355134888,9.943401515554479e-08,0.9516675049121015
vwl_overdrive,wsan,0.9400390355134888,1.2000785584860075e-07,0.9559177624424235
vwl_overdrive,wsan,0.9400390355134888,1.405816965416567e-07,0.9601428858667989
vwl_overdrive,wsan,0.9400390355134888,1.6115553723471268e-07,0.9643332920911756
vwl_overdrive,wsan,0.9400390355134888,1.8172937792776862e-07,0.9685004976355722
vwl_overdrive,wsan,0.9400390355134888,2.0230321862082457e-07,0.9726459080300797
vwl_overdrive,wsan,0.9400390355134888,2.2287705931388052e-07,0.9767621506286189
vwl_overdrive,wsan,0.9400390355134888,2.4345090000693647e-07,0.9808379115684852
vwl_overdrive,wsan,0.9400390355134888,2.640247406999924e-07,0.9848858388861447
vwl_overdrive,wsan,0.9400390355134888,2.8459858139304836e-07,0.9889016811431159
vwl_overdrive,wsan,0.9400390355134888,3.051724220861043e-07,0.9928805561486661
vwl_overdrive,wsan,0.9400390355134888,3.257462627791603e-07,0.9968155692434295
vwl_overdrive,wsan,0.9400390355134888,3.4632010347221626e-07,1.0007121760722044
vwl_overdrive,wsan,0.9400390355134888,3.668939441652722e-07,1.0045794780169863
vwl_overdrive,wsan,0.9400390355134888,3.8746778485832815e-07,1.008420614118034
vwl_overdrive,wsan,0.9400390355134888,4.080416255513841e-07,1.0122190276752048
vwl_overdrive,wsan,0.9400390355134888,4.2861546624444005e-07,1.015987879608758
vwl_overdrive,wsan,0.9400390355134888,4.49189306937496e-07,1.019714901784738
vwl_overdrive,wsan,0.9400390355134888,4.6976314763055195e-07,1.0234027659022027
vwl_overdrive,wsan,0.9400390355134888,4.903369883236079e-07,1.027045616012252
vwl_overdrive,wsan,0.9826435385406166,9.943401515554479e-08,0.9574319151398472
vwl_overdrive,wsan,0.9826435385406166,1.2000785584860075e-07,0.9617530218272102
vwl_overdrive,wsan,0.9826435385406166,1.405816965416567e-07,0.966061322244178
vwl_overdrive,wsan,0.9826435385406166,1.6115553723471268e-07,0.9703399730623136
vwl_overdrive,wsan,0.9826435385406166,1.8172937792776862e-07,0.974595163303867
vwl_overdrive,wsan,0.9826435385406166,2.0230321862082457e-07,0.9788226903498456
vwl_overdrive,wsan,0.9826435385406166,2.2287705931388052e-07,0.9830298418291543
vwl_overdrive,wsan,0.9826435385406166,2.4345090000693647e-07,0.9872040450094993
vwl_overdrive,wsan,0.9826435385406166,2.640247406999924e-07,0.9913598020529777
vwl_overdrive,wsan,0.9826435385406166,2.8459858139304836e-07,0.9954913014579382
vwl_overdrive,wsan,0.9826435385406166,3.051724220861043e-07,0.9995894310651089
vwl_overdrive,wsan,0.9826435385406166,3.257462627791603e-07,1.0036562373618672
vwl_overdrive,wsan,0.9826435385406166,3.4632010347221626e-07,1.0076962275393413
vwl_overdrive,wsan,0.9826435385406166,3.668939441652722e-07,1.0117044875946488
vwl_overdrive,wsan,0.9826435385406166,3.8746778485832815e-07,1.0156802464908232
vwl_overdrive,wsan,0.9826435385406166,4.080416255513841e-07,1.0196217610554665
vwl_overdrive,wsan,0.9826435385406166,4.2861546624444005e-07,1.0235324139858273
vwl_overdrive,wsan,0.9826435385406166,4.49189306937496e-07,1.0274131340943615
vwl_overdrive,wsan,0.9826435385406166,4.6976314763055195e-07,1.0312616492242186
vwl_overdrive,wsan,0.9826435385406166,4.903369883236079e-07,1.035067648764817
vwl_overdrive,wsan,1.0252480415677445,9.943401515554479e-08,0.9627914909202346
vwl_overdrive,wsan,1.0252480415677445,1.2000785584860075e-07,0.9671626493371732
vwl_overdrive,wsan,1.0252480415677445,1.405816965416567e-07,0.9715172515673051
vwl_overdrive,wsan,1.0252480415677445,1.6115553723471268e-07,0.9758533483956325
vwl_overdrive,wsan,1.0252480415677445,1.8172937792776862e-07,0.9801691548824817
vwl_overdrive,wsan,1.0252480415677445,2.0230321862082457e-07,0.9844667496512247
vwl_overdrive,wsan,1.0252480415677445,2.2287705931388052e-07,0.9887527904633678
vwl_overdrive,wsan,1.0252480415677445,2.4345090000693647e-07,0.9930155441996715
vwl_overdrive,wsan,1.0252480415677445,2.640247406999924e-07,0.9972571961888768
vwl_overdrive,wsan,1.0252480415677445,2.8459858139304836e-07,1.0014730454664007
vwl_overdrive,wsan,1.0252480415677445,3.051724220861043e-07,1.0056636106551975
vwl_overdrive,wsan,1.0252480415677445,3.257462627791603e-07,1.0098218809845603
vwl_overdrive,wsan,1.0252480415677445,3.4632010347221626e-07,1.0139565159753192
vwl_overdrive,wsan,1.0252480415677445,3.668939441652722e-07,1.0180714186928546
vwl_overdrive,wsan,1.0252480415677445,3.8746778485832815e-07,1.0221615837236373
vwl_overdrive,wsan,1.0252480415677445,4.080416255513841e-07,1.0262256024549372
vwl_overdrive,wsan,1.0252480415677445,4.2861546624444005e-07,1.0302709397284495
vwl_overdrive,wsan,1.0252480415677445,4.49189306937496e-07,1.0342887439009592
vwl_overdrive,wsan,1.0252480415677445,4.6976314763055195e-07,1.0382773768423061
vwl_overdrive,wsan,1.0252480415677445,4.903369883236079e-07,1.0422248997218746
vwl_overdrive,wsan,1.0678525445948726,9.943401515554479e-08,0.9678294764052683
vwl_overdrive,wsan,1.0678525445948726,1.2000785584860075e-07,0.972227774651205
vwl_overdrive,wsan,1.0678525445948726,1.405816965416567e-07,0.9766132574573319
vwl_overdrive,wsan,1.0678525445948726,1.6115553723471268e-07,0.9809865520619654
vwl_overdrive,wsan,1.0678525445948726,1.8172937792776862e-07,0.9853450571915988
vwl_overdrive,wsan,1.0678525445948726,2.0230321862082457e-07,0.9896872909755918
vwl_overdrive,wsan,1.0678525445948726,2.2287705931388052e-07,0.9940149019094839
vwl_overdrive,wsan,1.0678525445948726,2.4345090000693647e-07,0.9983322253177643
vwl_overdrive,wsan,1.0678525445948726,2.640247406999924e-07,1.0026336127212438
vwl_overdrive,wsan,1.0678525445948726,2.8459858139304836e-07,1.0069133789193254
vwl_overdrive,wsan,1.0678525445948726,3.051724220861043e-07,1.0111760265848502
vwl_overdrive,wsan,1.0678525445948726,3.257462627791603e-07,1.0154171868741702
vwl_overdrive,wsan,1.0678525445948726,3.4632010347221626e-07,1.0196407129258322
vwl_overdrive,wsan,1.0678525445948726,3.668939441652722e-07,1.0238445291137142
vwl_overdrive,wsan,1.0678525445948726,3.8746778485832815e-07,1.0280310671042892
vwl_overdrive,wsan,1.0678525445948726,4.080416255513841e-07,1.0321972943298696
vwl_overdrive,wsan,1.0678525445948726,4.2861546624444005e-07,1.0363435883050818
vwl_overdrive,wsan,1.0678525445948726,4.49189306937496e-07,1.0404695592848074
vwl_overdrive,wsan,1.0678525445948726,4.6976314763055195e-07,1.0445712702135233
vwl_overdrive,wsan,1.0678525445948726,4.903369883236079e-07,1.0486409817152706
vwl_overdrive,wsan,1.1104570476220004,9.943401515554479e-08,0.9726122451846698
vwl_overdrive,wsan,1.1104570476220004,1.2000785584860075e-07,0.9770305695637687
vwl_overdrive,wsan,1.1104570476220004,1.405816965416567e-07,0.9814375756314921
vwl_overdrive,wsan,1.1104570476220004,1.6115553723471268e-07,0.9858322841892815
vwl_overdrive,wsan,1.1104570476220004,1.8172937792776862e-07,0.9902144555084688
vwl_overdrive,wsan,1.1104570476220004,2.0230321862082457e-07,0.994585974374911
vwl_overdrive,wsan,1.1104570476220004,2.2287705931388052e-07,0.9989476822592968
vwl_overdrive,wsan,1.1104570476220004,2.4345090000693647e-07,1.0032937305127982
vwl_overdrive,wsan,1.1104570476220004,2.640247406999924e-07,1.0076262606142132
vwl_overdrive,wsan,1.1104570476220004,2.8459858139304836e-07,1.0119437878074948
vwl_overdrive,wsan,1.1104570476220004,3.051724220861043e-07,1.0162549678659714
vwl_overdrive,wsan,1.1104570476220004,3.257462627791603e-07,1.020556567526123
vwl_overdrive,wsan,1.1104570476220004,3.4632010347221626e-07,1.0248477687036663
vwl_overdrive,wsan,1.1104570476220004,3.668939441652722e-07,1.0291273363856572
vwl_overdrive,wsan,1.1104570476220004,3.8746778485832815e-07,1.033395825850383
vwl_overdrive,wsan,1.1104570476220004,4.080416255513841e-07,1.037648213693358
vwl_overdrive,wsan,1.1104570476220004,4.2861546624444005e-07,1.0418804296486448
vwl_overdrive,wsan,1.1104570476220004,4.49189306937496e-07,1.0460952674415454
vwl_overdrive,wsan,1.1104570476220004,4.6976314763055195e-07,1.0502856967589924
vwl_overdrive,wsan,1.1104570476220004,4.903369883236079e-07,1.0544509955355836
vwl_overdrive,wsan,1.1530615506491282,9.943401515554479e-08,0.9771705146838443
vwl_overdrive,wsan,1.1530615506491282,1.2000785584860075e-07,0.9816028795001448
vwl_overdrive,wsan,1.1530615506491282,1.405816965416567e-07,0.9860259293546918
vwl_overdrive,wsan,1.1530615506491282,1.6115553723471268e-07,0.9904440652845958
vwl_overdrive,wsan,1.1530615506491282,1.8172937792776862e-07,0.9948513701772367
vwl_overdrive,wsan,1.1530615506491282,2.0230321862082457e-07,0.9992510031554601
vwl_overdrive,wsan,1.1530615506491282,2.2287705931388052e-07,1.003638592851776
vwl_overdrive,wsan,1.1530615506491282,2.4345090000693647e-07,1.0080113847037608
vwl_overdrive,wsan,1.1530615506491282,2.640247406999924e-07,1.012368039547613
vwl_overdrive,wsan,1.1530615506491282,2.8459858139304836e-07,1.0167211538226244
vwl_overdrive,wsan,1.1530615506491282,3.051724220861043e-07,1.021070505733998
vwl_overdrive,wsan,1.1530615506491282,3.257462627791603e-07,1.0254111334351503
vwl_overdrive,wsan,1.1530615506491282,3.4632010347221626e-07,1.0297464312744629
vwl_overdrive,wsan,1.1530615506491282,3.668939441652722e-07,1.0340714050965243
vwl_overdrive,wsan,1.1530615506491282,3.8746778485832815e-07,1.0383901053316835
vwl_overdrive,wsan,1.1530615506491282,4.080416255513841e-07,1.042694444199246
vwl_overdrive,wsan,1.1530615506491282,4.2861546624444005e-07,1.0469878272514945
vwl_overdrive,wsan,1.1530615506491282,4.49189306937496e-07,1.051265467565962
vwl_overdrive,wsan,1.1530615506491282,4.6976314763055195e-07,1.055524930013026
vwl_overdrive,wsan,1.1530615506491282,4.903369883236079e-07,1.0597669165797154
