response,feature,mean_abs_shap,mean_shap,std_shap,importance_pct
log10_retention_time_s,num__vwl_overdrive,0.9139558509475928,-0.32222173692630507,1.3225416770260143,9.323797029626798
log10_retention_time_s,num__vblpre_ratio,0.8725325255516786,-0.1337485634563433,1.1979804220101111,8.901213512180902
log10_retention_time_s,num__vwl_boost,0.871180190307261,-0.2999715828956434,1.2472917674787622,8.88741755111573
log10_retention_time_s,num__vdd,0.8690061773121961,-0.21940827373484184,1.275443255517731,8.865239175776548
log10_retention_time_s,num__t_write_pulse,0.6857307192103785,-0.4804703523312685,1.0844432239603508,6.99553926622238
log10_retention_time_s,num__cbl_over_cs,0.6708621791544183,-0.013897060250556576,0.8905209890842481,6.843856611677397
log10_retention_time_s,num__cbl_ratio,0.6679828777084731,-0.019988605864365443,0.8809170724307411,6.814483177237135
log10_retention_time_s,num__temperature_k,0.5328250386944954,-0.009687290734229151,0.6677515085526533,5.435659181939398
log10_retention_time_s,num__temperature_c,0.470413726721509,-0.010145792748931404,0.5902160873213395,4.798964964614224
log10_retention_time_s,num__cs,0.39378532272999606,0.04778812070301096,0.5959280265540403,4.017233894365757
log10_retention_time_s,cat__corner_TT,0.27384267808674184,0.2733389007211682,0.5974967516933535,2.7936289765889546
log10_retention_time_s,num__vgs_retention,0.25211133926396273,-0.06549898884424989,0.4179609350094116,2.57193490662314
log10_retention_time_s,cat__corner_FF,0.24331911042174442,0.24331911042174442,0.6786817612464434,2.482240248967762
log10_retention_time_s,cat__corner_FS,0.22159489444883318,0.22159489444883318,0.5979918112476429,2.260618843350418
log10_retention_time_s,num__wacc,0.21801802556549163,0.005535685064870402,0.32837745127556356,2.2241291163736863
read_delay_ns,num__vdd,7.3480655142950875,3.314108738061864,10.387874361436872,21.482048310044746
read_delay_ns,num__cs,3.0616484131534674,0.1707977778211267,4.080333826721076,8.950720293903652
read_delay_ns,num__vgs_retention,2.5654607357489914,0.23375429028836986,3.5211683881857625,7.500117051987076
read_delay_ns,num__charge_share_ratio,2.211058652346528,0.37801571256281413,2.8897319944236735,6.46402358466276
read_delay_ns,num__vwl_low,1.8578522164565745,0.019435152646159217,2.5300417938257653,5.431425589388273
read_delay_ns,num__sa_aspect,1.7377382363534883,0.4888040886249025,2.3440969740616935,5.080272715442541
read_delay_ns,cat__corner_FF,1.7162052817082714,-1.7162052817082714,4.271067793236998,5.017321184723787
read_delay_ns,num__wsan,1.6939161779581295,0.5439836114911337,2.3603786373331412,4.952159054280524
read_delay_ns,num__vblpre_ratio,1.2730503169326077,-0.5806284408998232,2.0622192317821955,3.721758925020631
read_delay_ns,num__sa_drive_ratio,1.1230926015239109,0.31130494586630236,1.3867263500414364,3.2833579770967742
read_delay_ns,num__cbl_ratio,0.9658172687263372,0.06473754609901844,1.4320258727384327,2.8235639958696
read_delay_ns,num__inv_thermal_v,0.9188878125832513,-0.12220177479760068,1.2278742775149938,2.6863658663661765
read_delay_ns,num__wsap_ratio,0.8765802558520326,0.20016230530435164,1.2226026868109368,2.5626798464454374
read_delay_ns,num__stored_charge_c,0.86882389212194,-0.0504744828598701,1.2330603813149263,2.540004139480662
read_delay_ns,num__cbl_over_cs,0.7629389251048694,-0.0008281635738406342,1.0837743627771974,2.2304497441989244
log10_total_power_nw,num__vdd,0.18142704716046812,-0.0446985940083243,0.23643922011393273,18.963621263199485
log10_total_power_nw,num__charge_share_ratio,0.06800761311022646,0.009738318635814156,0.07953918432357057,7.108480451075469
log10_total_power_nw,num__vblpre_ratio,0.05912908425000534,0.0070766404128436745,0.07077709203466354,6.180454220616562
log10_total_power_nw,num__sa_drive_ratio,0.05538599041048155,0.01234368063647578,0.06590275026087752,5.789208179652438
log10_total_power_nw,num__stored_charge_c,0.05285738480423079,-0.010614127804038467,0.061611464814862994,5.5249062478763555
log10_total_power_nw,num__vgs_retention,0.0510545202461702,0.0011883722722631092,0.06815196557362557,5.336462235789958
log10_total_power_nw,num__signal_charge_c,0.048408899445542906,-0.009144822307903835,0.057512672086850104,5.059929317163091
log10_total_power_nw,num__wsan,0.04419959875273312,-0.011642655290284321,0.05068270799730546,4.619953109807603
log10_total_power_nw,cat__corner_FF,0.03836550471472597,0.03836550471472597,0.08538826827813327,4.010145743804434
log10_total_power_nw,num__vwl_low,0.03342376956816105,-0.002565438137743193,0.04290809099594455,3.493611990049342
log10_total_power_nw,num__sa_aspect,0.030412898961002723,-0.007466963314575164,0.0359608315493496,3.178901417616616
log10_total_power_nw,num__vwl_overdrive,0.030214235324040106,-0.0039314826607334515,0.04098992339903548,3.1581361456844954
log10_total_power_nw,cat__corner_TT,0.029774171098268153,0.029537571061285836,0.06064512181216178,3.1121385315490393
log10_total_power_nw,num__cs,0.027260778129848305,-0.00845766284765905,0.03655375132848464,2.8494266973176976
log10_total_power_nw,cat__corner_SF,0.025209973357338437,0.025209973357338437,0.05807231001249406,2.635066790130093
read_margin_mv,num__vdd,12.521399226831475,-0.33354149117443854,15.769014357332415,11.6488523478576
read_margin_mv,num__cbl_ratio,8.086453071006725,-0.14480061087209098,9.845565772997725,7.522952997152671
read_margin_mv,num__cbl_over_cs,7.95636773252804,-0.12858888549398048,9.766170717969565,7.401932584568739
read_margin_mv,num__vgs_retention,7.155740419442726,-0.014761258897232033,9.216306429740566,6.6570965493269485
read_margin_mv,num__vwl_boost,6.010971706393673,2.390859447204209,9.53188885661483,5.592100419966264
read_margin_mv,num__vwl_overdrive,5.952828574312104,2.469918118078378,9.787009650685642,5.5380089603465725
read_margin_mv,num__charge_share_ratio,5.504175605649354,0.19162487685908192,8.679501274903645,5.120620129218084
read_margin_mv,num__vblpre_ratio,5.4568500220306335,0.22027946677593896,7.439607434930856,5.076592403093888
read_margin_mv,num__vwl_low,4.935936453098508,0.05297903358615544,6.394905454388323,4.59197841223231
read_margin_mv,cat__corner_FF,4.684716775184558,3.7292625498389573,10.897572017521897,4.3582648406192375
read_margin_mv,cat__corner_SF,4.505706355560954,3.0972516826270886,9.957351602281808,4.191728664498044
read_margin_mv,cat__corner_SS,4.373658962819321,2.298383787537879,10.659435472240755,4.068882922332846
read_margin_mv,cat__corner_TT,4.257589563477937,3.433520926609084,9.632995298192052,3.96090175580834
read_margin_mv,cat__corner_FS,4.194293041528305,3.5205393161070915,10.113359454474773,3.902016017484128
read_margin_mv,num__t_write_pulse,4.132346422772008,-2.6088487178236086,6.440816726253895,3.844386115085134
write_efficiency,num__vwl_overdrive,0.06418508420270594,-0.010007079331899033,0.07845550637427924,15.954568036142613
write_efficiency,cat__corner_FF,0.04161577557031584,0.04161577557031584,0.07587011765691351,10.34448627685144
write_efficiency,cat__corner_FS,0.03431013365631786,0.03431013365631786,0.06716263615317768,8.528513572095497
write_efficiency,num__t_write_pulse,0.031397652492954245,-0.02100070147103886,0.05306288408282156,7.804554424077278
write_efficiency,cat__corner_TT,0.028914814406405726,0.028914814406405726,0.06017268764775335,7.187392202252313
write_efficiency,cat__corner_SF,0.0280466593253152,0.0280466593253152,0.054217575788337045,6.971593789283996
write_efficiency,num__vwl_boost,0.018556530594093134,-0.003491379260408588,0.024207140113096774,4.612620417279741
write_efficiency,cat__corner_SS,0.01752579830520448,0.01752579830520448,0.04432444356071605,4.356409980939303
write_efficiency,num__wsan,0.01717145840291245,-0.0019587176034054025,0.020563413938242382,4.268331260637493
write_efficiency,num__cs,0.017146082613227916,0.00036919149201155357,0.024712642315264467,4.2620235683126815
write_efficiency,num__sa_aspect,0.016086145594884135,0.0024204833354724863,0.019165809797427862,3.9985536752175026
write_efficiency,num__vdd,0.010199243879670307,-0.005333089888588467,0.019966305512801773,2.5352390265860376
write_efficiency,num__temperature_k,0.009581794206596321,0.0012850542379175675,0.013475232503104185,2.3817587758342964
write_efficiency,num__cbl_ratio,0.009571275750812772,-0.0007334472359795058,0.011349058396808047,2.3791441898986636
write_efficiency,num__charge_share_ratio,0.007638901245899093,0.0014220743369273855,0.008662810830325579,1.8988114008571102
energy_per_access_fj,num__vdd,13.273213875581012,-2.5529468903482098,16.329388219264192,14.137165499640908
energy_per_access_fj,num__charge_share_ratio,11.162731959702237,1.09801294027364,13.443925829874242,11.889312612732505
energy_per_access_fj,num__signal_charge_c,8.621429013896972,-2.4042569317116764,11.299652459612682,9.182596615661948
energy_per_access_fj,num__stored_charge_c,7.62422614690913,-1.881419185582059,9.567901726434542,8.12048595433529
energy_per_access_fj,num__sa_drive_ratio,7.1284502030799874,0.3300874594194271,8.785177820608853,7.592440024061568
energy_per_access_fj,num__vblpre_ratio,4.327593360069919,-0.44045813088406244,5.42619456506916,4.609275803127786
energy_per_access_fj,num__vgs_retention,3.9298173808701944,0.5188078151687088,5.334040356861621,4.185608641395859
energy_per_access_fj,num__sa_aspect,3.6590960890558972,-0.36802040137098685,4.2935457080698,3.8972661387788907
energy_per_access_fj,num__wsan,3.5898432610915627,-0.30033569328761944,4.278007586252784,3.8235056539839376
energy_per_access_fj,num__inv_thermal_v,3.385620923568688,0.043831490297416044,3.968957872320601,3.605990513239019
energy_per_access_fj,num__vwl_low,2.6668851976761205,-0.4055825226353331,3.4297451141896045,2.8404723800504215
energy_per_access_fj,num__temperature_c,2.3713854607848353,0.0893324836725447,2.8925967369405794,2.5257386068519105
energy_per_access_fj,num__cs,2.262832944001786,0.02490288837409884,3.753446259023231,2.410120422021197
energy_per_access_fj,cat__corner_FF,2.1899228165173,2.1899228165173,5.103353839990675,2.3324645845947867
energy_per_access_fj,cat__corner_FS,2.0716574415024884,2.0268835864053645,4.166379336401933,2.2065013329562833
