target,model,family,n_train,n_compare,n_test,fit_time_s,predict_us_per_sample,subsampled_to,cv_n_mean,cv_r2_mean,cv_rmse_mean,cv_mae_mean,cv_medae_mean,cv_mape_mean,cv_smape_mean,cv_nrmse_mean,cv_max_error_mean,cv_explained_variance_mean,cv_pearson_r_mean,cv_spearman_rho_mean,cv_n_std,cv_r2_std,cv_rmse_std,cv_mae_std,cv_medae_std,cv_mape_std,cv_smape_std,cv_nrmse_std,cv_max_error_std,cv_explained_variance_std,cv_pearson_r_std,cv_spearman_rho_std,test_n,test_r2,test_rmse,test_mae,test_medae,test_mape,test_smape,test_nrmse,test_max_error,test_explained_variance,test_pearson_r,test_spearman_rho,test_r2_ci_low,test_r2_ci_high,test_rmse_ci_low,test_rmse_ci_high,test_mae_ci_low,test_mae_ci_high,notes
log10_retention_time_s,ridge,linear,42491,15000,7496,0.0952,1.0179,,3000.0,0.4629747585025844,3.0908469919865844,2.4375322190769513,2.0397213842194284,1196.876867063754,117.4153217509823,0.231576358946138,11.092235886716022,0.4630227198869089,0.6804559772778257,0.722629478426762,0.0,0.008211124044033765,0.031141913027683016,0.018064372829897812,0.02633068400663945,238.28343329670375,1.1709987390672296,0.0026401625901515497,1.0040076513293226,0.008246750264074239,0.006057332318239867,0.01197251868572384,7496.0,0.46302456875812714,3.0487093738233084,2.403151876399333,2.0103616634622696,1250.6354926475658,118.95271957858114,0.22802401207071693,11.432088638910605,0.4631005296557613,0.6805192751564203,0.7181249496881982,0.4488007533882596,0.47725950375404075,2.9997182555028115,3.096669393991327,2.358853226250127,2.4403296349531134,cross-validated on a 15000-row subsample; final model refitted on all 42491 development rows
log10_retention_time_s,elasticnet,linear,42491,15000,7496,10.5904,1.5616,,3000.0,0.46293035699312474,3.0909779099345207,2.4388861650489364,2.0398915170346714,1200.1100896019002,117.43013049154725,0.2315861691420725,11.061039072154472,0.4629794302365002,0.6804249027360586,0.7225303324939507,0.0,0.008114139070841943,0.031029157231324638,0.017870110047442888,0.026226663154038845,237.21031263431814,1.1831512558154877,0.002632926394358607,0.9714711837878688,0.008152249231667593,0.005997122558205411,0.011999247189579865,7496.0,0.4630740699792334,3.0485688475476045,2.403766045641243,2.0119403651771655,1251.7080230723475,118.89735931404306,0.22801350160177472,11.347221981742335,0.4631529816502373,0.6805536814875526,0.7181495485990136,0.44661175377608653,0.47727346331099396,2.9926318023033183,3.095469235169708,2.366984700888374,2.447932076388615,cross-validated on a 15000-row subsample; final model refitted on all 42491 development rows
log10_retention_time_s,poly2_ridge,linear,42491,15000,7496,0.5985,4.3844,,3000.0,0.6836711877416499,2.372256256230828,1.7304135161961391,1.2023093210049614,856.980048276545,99.53775497765473,0.1777393763217728,11.034450631315853,0.6837561582010091,0.8271784397893625,0.8038983077015602,0.0,0.004772433572875902,0.02938354571132896,0.012315740540249202,0.01824618596501384,207.39630596377734,0.914925770107618,0.0025544902869750535,2.5327956749137077,0.0047554378633598545,0.0030255662456832384,0.005394374644173939,7496.0,0.6848620797604752,2.3355499001325213,1.692583561010082,1.1521953267207399,888.6839521053323,100.4792927278922,0.17468423300437722,16.355214497399636,0.6849749768462834,0.8277519035898474,0.8048299252420625,0.6720635524694917,0.6969146970550858,2.282269184919867,2.3811927863771505,1.6516666165306695,1.7278580726626258,cross-validated on a 15000-row subsample; final model refitted on all 42491 development rows
log10_retention_time_s,knn,neighbour,42491,15000,7496,0.0819,123.2362,,3000.0,0.5388388758769785,2.864120116173919,1.7031039983453506,0.6863004551008147,661.751654764318,84.21208610817672,0.21459339830543162,11.9484111499903,0.5444485951128832,0.7618700921033469,0.8211979737213777,0.0,0.0126224560659528,0.04845196380289836,0.02573010460516936,0.03225942208001211,279.5933096259596,0.9988919128454818,0.00404294015411407,0.45376033478922756,0.011931490144735516,0.008926805194422616,0.005204074997735774,7496.0,0.5910078983549591,2.660702262438564,1.53812918906573,0.551849817250728,568.1553763887204,79.27268566560646,0.19900355541139134,12.976857499266767,0.5945679359759036,0.7912740888258015,0.840548932388235,0.5756008080896337,0.6075554553277898,2.5826068154880915,2.737684264399418,1.491868483873121,1.5864764605105204,cross-validated on a 15000-row subsample; final model refitted on all 42491 development rows
log10_retention_time_s,svr_rbf,kernel,5000,15000,7496,5.8303,399.1319,5000,3000.0,0.6614780612230143,2.453595580392519,1.462088303828453,0.6995893065461377,486.828156315613,84.77267643594418,0.18383520579583776,12.87024416812875,0.6672161543673673,0.8179807789012911,0.8599160864077611,0.0,0.015266510785569664,0.06356890407805739,0.026478028834574875,0.023968512966863975,164.74784180870333,1.0272802041970515,0.005010862507553059,0.9362470424472872,0.01394724626584378,0.00886938867675494,0.0029345588133641454,7496.0,0.6685718899641877,2.395154254990367,1.4023360600477779,0.6626669416419018,581.0819942557617,84.69259695060035,0.17914225850469842,19.075362472302672,0.6737099181152914,0.8221234611541794,0.8672897361253046,0.6514546935450769,0.684028035811157,2.3196335243361728,2.4712421188492724,1.353216571383618,1.4451038662968083,fitted on a 5000-row subsample (model cost is super-linear in n); cross-validated on a 15000-row subsample; final model refitted on all 42491 development rows
log10_retention_time_s,gpr,kernel,2000,15000,7496,53.4089,80.9862,2000,3000.0,0.6715919033851792,2.416961421394912,1.7075544971557775,1.1206260451565826,866.0323164104502,96.74064439190427,0.18109139451467174,11.7942970330121,0.6716647302661134,0.8200236823134214,0.8069703549013223,0.0,0.010087377805530508,0.0467423201865464,0.03133858034387016,0.0637066220198689,288.35937731798975,1.8868120925166114,0.0038658270821333397,1.4631316438636637,0.010087930092311863,0.006542846473410527,0.009020779302638782,7496.0,0.6655516509968826,2.406042789031958,1.7078485919050754,1.139363847942775,878.5648841136656,99.4060663902822,0.1799566513881429,11.21831512264528,0.6655767917070174,0.8158620691160124,0.7975273673362014,0.652440000735624,0.6782464096619448,2.3561167390368403,2.465099070332391,1.6693562617145679,1.749169104605342,fitted on a 2000-row subsample (model cost is super-linear in n); cross-validated on a 15000-row subsample; final model refitted on all 42491 development rows
log10_retention_time_s,random_forest,ensemble,42491,15000,7496,8.088,13.0177,,3000.0,0.6802344808721479,2.3847793234777686,1.251544860168193,0.35225697107207055,440.3559679295228,64.70676828935609,0.17867832333490294,12.262689116508946,0.6803208414024411,0.8270725386957147,0.9034460398442101,0.0,0.010420383000676358,0.040959204067829415,0.02977076518014346,0.020003230215132745,133.49774031161348,1.211930929914388,0.0033639082796336653,0.522681634235104,0.010445999280199954,0.0063083159795213695,0.002467175083646303,7496.0,0.7210533370810902,2.1973508369527086,1.0904130350093162,0.2699149884777578,399.6154837470533,60.3328267255719,0.1643478247126429,12.641617885199093,0.7212369148800836,0.8504075664157293,0.9166371183116364,0.7024332273610681,0.7392719620824664,2.1161024734480725,2.2740747467674964,1.0472111393149883,1.1352460371064788,cross-validated on a 15000-row subsample; final model refitted on all 42491 development rows
log10_retention_time_s,extra_trees,ensemble,42491,15000,7496,3.0975,17.6812,,3000.0,0.6933317487257812,2.3356114444229212,1.2656036972899753,0.4307596773606721,430.3621708518989,69.33043754145831,0.17499267243666783,12.094251136856478,0.6934368221146613,0.83710287674556,0.9058149667359674,0.0,0.007081873191954869,0.03186838842903748,0.018403536248305416,0.023130399103267297,88.19347613168314,0.7883338161270242,0.002631854073895324,0.552884174182316,0.007105065860239994,0.0037979233601203566,0.001331475346174918,7496.0,0.7300076677230221,2.1617951272176477,1.0968320592861247,0.3134066160875284,367.74122374052564,63.73988525223086,0.16168848445035908,12.717350284468864,0.7301529126197681,0.8565347368292981,0.9173181187078306,0.7136040276816933,0.7480801441337579,2.0759441472904046,2.244450329163274,1.0588686767970354,1.1393357585386574,cross-validated on a 15000-row subsample; final model refitted on all 42491 development rows
log10_retention_time_s,hist_gbr,ensemble,42491,15000,7496,2.4196,29.0887,,3000.0,0.7755886409716359,1.9978801254197898,1.110970283635617,0.36533849004832303,482.20039288664077,64.44134151854679,0.14969188320214297,10.545102103626348,0.7757012169656484,0.8813179270078326,0.9027408482148378,0.0,0.008489376495684802,0.04654138694226134,0.02438405004997093,0.01685583757765243,175.6140831355435,0.6830123584780353,0.0037516106286171707,0.990714691838141,0.008382445121844127,0.004568328281293338,0.0039385991501256195,7496.0,0.800056680841515,1.8603397553942695,1.0567315728099838,0.3571674030904693,427.860336495036,64.378026398185,0.1391415457576648,11.798405093100513,0.8000568734728124,0.894985403664651,0.90514214489033,0.7899479058458081,0.8087017297200163,1.8051146541537906,1.910055048016823,1.0184879183341309,1.0946553407671205,cross-validated on a 15000-row subsample; final model refitted on all 42491 development rows
log10_retention_time_s,xgboost,boosting,42491,15000,7496,16.8952,21.5144,,3000.0,0.7785308423704091,1.9844082272961188,1.0230993800256436,0.24237033218927612,429.8311346953789,55.47734945737253,0.14868469207514132,10.771258401870728,0.7786633554695789,0.8845939102433439,0.9173783770738965,0.0,0.010485623822436676,0.049840394253007056,0.024870401274504895,0.0073174208254882704,164.8708744551841,0.8764467363833752,0.00404904657561558,0.47799053329811286,0.010401214776807485,0.0056061854273333775,0.004042505739421915,7496.0,0.8188405474346567,1.7707992043772816,0.9347076470487541,0.25237874426056095,340.03200312877027,56.96199574129051,0.1324444837611284,10.691607236862183,0.8188429102964084,0.9058032890068243,0.918590380648555,0.8075446137448131,0.8302680743580851,1.7156475352830267,1.8296259282927676,0.8990503285341485,0.9684398508626295,cross-validated on a 15000-row subsample; final model refitted on all 42491 development rows
log10_retention_time_s,lightgbm,boosting,42491,15000,7496,1.5945,5.6241,,3000.0,0.7848575061691183,1.956167777738806,1.0637841542752002,0.3228284755292635,465.3019353871456,60.73631466517956,0.14656663572694342,10.619647665399226,0.7850008592189619,0.8867436502796316,0.9108341097116399,0.0,0.006945814561041483,0.035896755383444966,0.020679510964169562,0.007919216117160791,169.7971121616265,0.7947316288554643,0.0030098002917957906,0.6824797210089941,0.00687071782672569,0.0034502023868511387,0.004120441692392926,7496.0,0.8199737088648841,1.7652522979619705,0.9576921190697553,0.2863608952580224,346.04504632463045,59.0402178580553,0.1320296105474794,9.992336691149003,0.8199739859805041,0.9060029301307425,0.9176052475902419,0.8106872603542096,0.8300513514788543,1.71144848585885,1.8168339363500596,0.9243824989112265,0.9833588684698299,cross-validated on a 15000-row subsample; final model refitted on all 42491 development rows
log10_retention_time_s,catboost,boosting,42491,15000,7496,6.0688,1.9765,,3000.0,0.7971678499044638,1.8991874034753082,1.1159296696159047,0.42366315498769713,463.85800648653776,67.33029913299485,0.14229519632019594,9.749808550403596,0.7972557322205489,0.8934201288229175,0.896696169388606,0.0,0.008133578061121654,0.03914785337012549,0.019885727594076936,0.016572779674480353,162.39596389887924,1.0189783645480643,0.0031154547274263016,0.582627929950561,0.008088853344392136,0.004256138263912078,0.003533878098541778,7496.0,0.8261055321003502,1.7349289795658813,1.0161761486200855,0.37947177981406,415.46135802743987,65.9230139457525,0.12976161977756787,9.216536502997094,0.8261074763008859,0.9091188576793398,0.9042214167572782,0.8176672305999723,0.8341093047211698,1.68452693288114,1.7783093588996743,0.9853621209720124,1.0476883708067322,cross-validated on a 15000-row subsample; final model refitted on all 42491 development rows
log10_retention_time_s,mlp,neural,42491,15000,7496,19.2274,2.4065,,3000.0,0.9059337241474215,1.2910669937057109,0.4867738155304144,0.1356427721298162,164.93397966826228,37.524074648468414,0.09674388845974369,11.213556667896857,0.9061942606779125,0.9521408167650847,0.9701397183005527,0.0,0.011857119942618951,0.0831109469320894,0.04680255726727402,0.020370235228107894,81.11394657242438,3.687620000067531,0.006450418981825995,0.4178433274702026,0.011676744130109174,0.00607796093480816,0.004880500790860368,7496.0,0.9492739449309172,0.9370318712209842,0.29877375405700257,0.10345567958786187,88.47762643391403,32.09216346351231,0.07008400621866669,11.841288146893461,0.9495123819513173,0.9744455933849493,0.9839798687511214,0.9404785219128855,0.9572194777895703,0.8610245087675561,1.0160431510671746,0.27935110446309924,0.32112379566237614,cross-validated on a 15000-row subsample; final model refitted on all 42491 development rows
log10_retention_time_s,mlp_deep,neural,42491,15000,7496,49.8467,2.3629,,3000.0,0.9114020793385065,1.2532890342065386,0.423448875524943,0.12868035373536194,119.71823605552622,33.63218627388726,0.09391375541326366,11.617697390363151,0.9116326024921287,0.9548838647419282,0.9773584822755226,0.0,0.010974119542646809,0.07894442105413402,0.04107933119644791,0.025377362120059144,25.441905873240227,3.6373738787113985,0.006154776436758837,0.6090194139653347,0.01113509573738504,0.005796649925898317,0.0044279016692359615,7496.0,0.9509762084125553,0.9211752629985721,0.21231943047382998,0.0528645969956571,46.753583115815445,19.98332948247311,0.0688980330800813,12.24453568680082,0.9509999239575476,0.9752890590047335,0.9909399197905395,0.9413349519442531,0.9594233100491277,0.8323323223406204,1.011672233442778,0.19269644214692763,0.2322039232733594,cross-validated on a 15000-row subsample; final model refitted on all 42491 development rows
read_delay_ns,ridge,linear,33374,15000,5915,0.0719,1.2034,,3000.0,0.6327472759494739,5.613281495732294,4.200013854054843,3.3304013268180115,164.65923166800343,67.36539878687081,0.14137416989512344,25.459220251208585,0.6329148610193198,0.7957426685907226,0.9341798068442145,0.0,0.005134034981004608,0.08391296428819527,0.047648878689498075,0.03333380115618024,7.631070782890718,1.0542644443364904,0.002019344043427767,1.5362369002350014,0.005145732624428277,0.0030119487914029765,0.0026239989250198153,5915.0,0.6305301850615822,5.669726038882073,4.25555735484105,3.402440086913369,161.55815181051432,67.631192139452,0.1424060046417075,25.09129623685878,0.6305308332897981,0.7940599799338878,0.9344426755416414,0.6196772420576214,0.6420293686345471,5.519168406052103,5.820973745753092,4.158185008333901,4.349433294783906,cross-validated on a 15000-row subsample; final model refitted on all 33374 development rows
read_delay_ns,elasticnet,linear,33374,15000,5915,21.8932,2.0523,,3000.0,0.6326598193802642,5.6139634076556515,4.199723140924028,3.3315132076213283,164.75025758620592,67.33499975182485,0.14139144752037708,25.39119979794113,0.6328264866366158,0.7956882298053791,0.9347251916160927,0.0,0.005058280457253808,0.08429155994442376,0.04826698226431644,0.03673252039742864,7.606203972594237,1.0738053985233982,0.0020363400737275455,1.5657819989169663,0.00506174050539057,0.002977769171360877,0.002634682778976735,5915.0,0.6302932167995343,5.671543954327128,4.255492425177452,3.405884507355477,161.7797078758022,67.5972176096318,0.14245166506225185,25.16910027609267,0.6302938652004604,0.7939106518063883,0.9349606239314454,0.6200041194474898,0.6421437634175974,5.533409335901855,5.811485717857459,4.163900442109093,4.356215640136831,cross-validated on a 15000-row subsample; final model refitted on all 33374 development rows
read_delay_ns,poly2_ridge,linear,33374,15000,5915,0.4378,5.0989,,3000.0,0.8294419282946708,3.8254108949998455,2.5231926849076998,1.7425881078481296,84.66572415365665,54.10289155740303,0.09634898965256068,29.062282708428246,0.8295010974372223,0.9108998479415791,0.9451963116713206,0.0,0.004340142433346507,0.08435955359569643,0.05148268613379115,0.036788514358333906,4.409179169593113,1.4194750418787967,0.002235943760325067,2.5955285256256486,0.004301043206340641,0.002345340476656787,0.0015806888147393678,5915.0,0.8316906552643274,3.826720186618885,2.5248760355505317,1.711776185237209,84.65657400620908,54.38826350724351,0.09611539057107857,36.31225161188122,0.8316921978746212,0.9119768892919745,0.9467866592913824,0.8193669543042913,0.8424957016497023,3.6709204474797974,3.9698413975946787,2.4601472304447816,2.603723721515014,cross-validated on a 15000-row subsample; final model refitted on all 33374 development rows
read_delay_ns,knn,neighbour,33374,15000,5915,0.1332,205.6524,,3000.0,0.5225551475676785,6.40109757425113,4.2636673191505725,2.6756827150350517,84.4394956815448,53.968418362464604,0.16121823290968149,30.013147037852576,0.5241807755822327,0.7511614788059204,0.8663010655477775,0.0,0.007825119009749765,0.14788881181505656,0.10525616641344451,0.10148665116411702,2.2629730914275266,1.0900288644639458,0.0037583056371504114,1.5467402181098,0.007576942841632127,0.005587769950093889,0.0034026320209434072,5915.0,0.553327230942312,6.234007655302727,4.075699336452274,2.447086497045987,74.9749977469303,50.47892032899198,0.15657901581299755,31.428533143090707,0.5548439466132931,0.7705026544769229,0.8868174712314892,0.5394646861271347,0.5673549772471782,6.020315384852058,6.4350470867096465,3.9619016713271016,4.204392355107955,cross-validated on a 15000-row subsample; final model refitted on all 33374 development rows
read_delay_ns,svr_rbf,kernel,5000,15000,5915,4.6479,464.5677,5000,3000.0,0.8102077027445154,4.035302313811802,2.333061634102652,1.2691070553486585,52.37843512904844,43.03430718990347,0.10163528847446728,27.8209857009985,0.8130900371292566,0.9059554316212809,0.9485063953294078,0.0,0.005736231499705539,0.09879221608010742,0.047660123058175526,0.0290273102498954,1.4978888747110037,0.7828472979347935,0.0025890130901844765,1.822784989291953,0.005748970368252761,0.0042110757436004155,0.0029756401625185133,5915.0,0.8032197730007182,4.137741177806699,2.3917835215512238,1.276631061660765,51.82296648582775,43.32401914679031,0.10392727714390732,33.44256284480035,0.8063213733094372,0.9023071676172183,0.9471716390520382,0.7903315074012869,0.8148646913721717,3.985021386989893,4.298185926067604,2.3048924745738915,2.486517839469271,fitted on a 5000-row subsample (model cost is super-linear in n); cross-validated on a 15000-row subsample; final model refitted on all 33374 development rows
read_delay_ns,gpr,kernel,2000,15000,5915,52.0685,136.6771,2000,3000.0,0.7990204126489073,4.151474620648787,2.7599431573574353,1.8917301617101363,79.83714586588815,56.456200538797205,0.10455995888352301,31.39932207628342,0.7991159638508136,0.8946287668137103,0.9335816304224249,0.0,0.0073611707510334535,0.07058650960864099,0.03544702872073266,0.055902377728636356,1.3109932083763813,2.298860349591529,0.001851891444278033,2.8579753428192864,0.007426456469114846,0.0035941373257375245,0.0075844175966146505,5915.0,0.8106761460264875,4.058590748547266,2.787722381158307,1.9518377587299067,82.67164403573675,57.28924528596644,0.10193926285199727,28.80916318621687,0.8107308868512607,0.9005067316458502,0.9359580874957365,0.8002372528513266,0.8213277900268264,3.924024157605346,4.21771422489036,2.7243609346469118,2.8673220787829057,fitted on a 2000-row subsample (model cost is super-linear in n); cross-validated on a 15000-row subsample; final model refitted on all 33374 development rows
read_delay_ns,random_forest,ensemble,33374,15000,5915,5.3592,24.0675,,3000.0,0.8494915039036185,3.5936188220467775,2.045677203761997,0.8382277097823401,27.161034697902426,22.49873032425797,0.09051101968830078,20.85363349763889,0.8495748492624629,0.9258676153920758,0.9704966942237816,0.0,0.004193662726562981,0.08692328150721092,0.053086559585360876,0.03428813447132132,0.5209187743777739,0.3536606808511189,0.0022905799649291093,2.7695384527657976,0.004158024757161002,0.0027852019040042154,0.0016803434239232686,5915.0,0.8798775476580748,3.2328435485814735,1.7662989744184254,0.6398603765376967,21.49801134330998,18.320023222217618,0.08119904387408143,23.076615713650796,0.8799042837922351,0.9403123410883312,0.9779153454750833,0.8722719094337359,0.8869915119581825,3.090214041582424,3.3544553824660333,1.6982542131200744,1.8338708593510007,cross-validated on a 15000-row subsample; final model refitted on all 33374 development rows
read_delay_ns,extra_trees,ensemble,33374,15000,5915,2.5109,21.4543,,3000.0,0.8459168317655525,3.635969847048591,2.06072853606636,0.8777449822500003,28.999648338672152,23.676882610743757,0.09157723622690474,21.81598024941666,0.8459929203817046,0.9262501366115126,0.9726123124595635,0.0,0.002685214714533526,0.06419434281498983,0.03696383767110421,0.036645605692124786,0.3830256200137168,0.4150963635352567,0.001730051872962426,2.1549294230690985,0.002644024737721483,0.0025133088291126506,0.001470524651241613,5915.0,0.8705343094666158,3.356216273114388,1.8397193037163309,0.7028606916666469,23.420302002469615,19.69888923762155,0.08429778562315517,23.9965094625,0.870564159857042,0.9366976441999423,0.9774634376827578,0.8620925144641622,0.8784468937637174,3.2321754796847917,3.4855871108504135,1.7740075501401058,1.9068793454584962,cross-validated on a 15000-row subsample; final model refitted on all 33374 development rows
read_delay_ns,hist_gbr,ensemble,33374,15000,5915,4.517,53.7523,,3000.0,0.9196796176148281,2.62503908668062,1.4114484115394794,0.5708144458888637,21.253081285748884,21.451019440373933,0.06611649323304694,22.7319531620551,0.9197132711351179,0.9595802782950911,0.9815947966158791,0.0,0.0024551694045761205,0.06047571281224185,0.03920414223994739,0.02414381711210695,0.339310104932433,0.40079875059317993,0.0016292438587090698,2.1060135067131585,0.0024371933481170775,0.0013829197879560134,0.0008615554263078583,5915.0,0.9353508000980603,2.3716695078939773,1.32828154916237,0.6007692300892451,22.728738414192247,23.72702434358048,0.05956901208869338,19.790454167947146,0.9353508110658708,0.9675473154972516,0.9815642190393996,0.9298082587187848,0.9405826205625281,2.2758505881881765,2.4757528884653275,1.282258521551175,1.3774644601830934,cross-validated on a 15000-row subsample; final model refitted on all 33374 development rows
read_delay_ns,xgboost,boosting,33374,15000,5915,16.2047,20.6086,,3000.0,0.9063217004111188,2.835096618465358,1.471842623823513,0.49110510995864864,18.27619045843656,16.6257833447975,0.07140642684473131,22.586050239562987,0.9063653187527043,0.9537262755359428,0.9834686786913899,0.0,0.0030890461353429875,0.07658747078877072,0.04420116138470821,0.008785282182991542,0.4131183416513379,0.40639552957819053,0.001999676890132695,1.580210757426864,0.0030675388452311414,0.0018660712442397516,0.0010720480112955564,5915.0,0.9386191847245218,2.310941326035191,1.166788634174992,0.4178209719848631,15.387103092250898,14.785681399931141,0.05804370774623348,19.37650696716308,0.9386275869331192,0.9697253639074151,0.9872605184417845,0.9325162070034109,0.9440745490863145,2.188892642919133,2.425451597488642,1.1180378204463761,1.2133278349573957,cross-validated on a 15000-row subsample; final model refitted on all 33374 development rows
read_delay_ns,lightgbm,boosting,33374,15000,5915,1.9778,6.7404,,3000.0,0.9189143331910621,2.6368572837450044,1.3760416954400825,0.513760913626747,18.794822375310783,18.134375659300694,0.06641599622495013,21.536029053601304,0.9189493355350397,0.9595643237924796,0.9834282886424509,0.0,0.004328156481653216,0.08255740841384966,0.040239429779551056,0.01583730604740265,0.3730603192114036,0.23975857193117267,0.002215625682506996,2.2263197196137527,0.004334599159140496,0.0025654650311015565,0.0012674373861865625,5915.0,0.9446148642732163,2.1951752875571127,1.137435907679473,0.4639893272301572,16.852731143803876,17.019337653263594,0.05513602245424504,20.017714952689357,0.9446174020090876,0.9723557338587293,0.9864631934524837,0.9391010478204277,0.950121057320039,2.0819525314345597,2.322825743965594,1.0867142461617831,1.1886250149445017,cross-validated on a 15000-row subsample; final model refitted on all 33374 development rows
read_delay_ns,catboost,boosting,33374,15000,5915,6.0325,2.3897,,3000.0,0.9365836795036107,2.3328456502313313,1.2379423330446286,0.5233839899704387,19.896804932213463,19.28790093585003,0.058756199990817534,20.97775783006221,0.936619158035105,0.9684000688430222,0.9831732791917182,0.0,0.0021277976877576675,0.07094999675127181,0.03523058038030367,0.024778695135062024,0.8630924722164498,0.7238801853163503,0.0018311136049977705,1.7154231523241104,0.002120031165415737,0.0011152633422129724,0.0008950804673936779,5915.0,0.9562087053093759,1.951940096685428,1.0516837313781364,0.474448481835954,17.983056850443166,18.076374805099036,0.04902670579895043,19.54925163651089,0.9562090494017285,0.9780922551368803,0.9843467340828644,0.9517643646853752,0.9604009732872062,1.8441578623226733,2.0600429921299277,1.0111918137203582,1.0954573464203914,cross-validated on a 15000-row subsample; final model refitted on all 33374 development rows
read_delay_ns,mlp,neural,33374,15000,5915,11.7775,1.6927,,3000.0,0.96790127057495,1.6582939471124347,0.7427392152910808,0.3225715517434048,12.63405901110112,12.438618847093803,0.041762658680626986,21.734398555272982,0.9681195679287032,0.9839568640853091,0.9907371677679488,0.0,0.003776230891408276,0.12127057163194259,0.05685235908396068,0.0304418422576201,0.842584295820829,1.1434798012735117,0.0030109611474062703,3.735248761835948,0.0036330090753154257,0.0018307975487036794,0.001068381977157666,5915.0,0.9848123518899653,1.149523504717465,0.5135045339336989,0.25980338459219254,10.504923330353028,11.45231372373144,0.02887247962704464,20.932771702540048,0.9848654100050417,0.992533557688412,0.9942062673744,0.9810541592826458,0.9879277059882267,1.023289143868153,1.2674848372782617,0.49085366839080113,0.5372034623899664,cross-validated on a 15000-row subsample; final model refitted on all 33374 development rows
read_delay_ns,mlp_deep,neural,33374,15000,5915,29.4414,2.3905,,3000.0,0.9710846880657625,1.572359122737106,0.6605747116701788,0.22451654069533533,8.672649940869297,8.393756807282635,0.039598553334477926,20.5336980838651,0.9711278564635825,0.9854938887478442,0.9940021555538934,0.0,0.004093598125427694,0.1298926780249052,0.04306480672570185,0.017622890913314863,0.7494859051338703,0.9066099774776314,0.0032386338258215248,1.9023917777223571,0.00412699920302798,0.002108324005703455,0.000427711058360174,5915.0,0.9877842890660626,1.0309366197182026,0.42366782265684005,0.16954760205848896,6.292638716440951,5.863751226933894,0.025893943383875406,16.840842338788338,0.9879439587940692,0.9939651249535637,0.9974054703596082,0.985153414830115,0.9901041124511695,0.9037456197955577,1.1546105498057924,0.40024713483814683,0.44889959757087167,cross-validated on a 15000-row subsample; final model refitted on all 33374 development rows
log10_total_power_nw,ridge,linear,42491,15000,7496,0.1306,1.1665,,3000.0,0.8644698126770001,0.14283774520847325,0.10797725938749447,0.0882468973874638,96.34895463489781,37.503594875810926,0.05032693714068318,1.2020772141385632,0.8645452433050371,0.9298167575958839,0.9427199612799955,0.0,0.002015841711626993,0.003050722920675971,0.00190341014815064,0.0016145413098660741,15.225231988447932,0.4681552794973744,0.0036328857909499637,0.18831727890577193,0.00206051355498593,0.001113512845747811,0.0017236671596392661,7496.0,0.8676764787549858,0.1429024745715605,0.1074369056026317,0.08778221901092934,93.88485694145712,37.6258961257446,0.04142948211837762,1.7421280531048446,0.8676795220602471,0.9314978700368406,0.9439872019115635,0.8599867260049229,0.8743293437505291,0.13804937433585393,0.1477744462951227,0.10497980754257769,0.10963221741347223,cross-validated on a 15000-row subsample; final model refitted on all 42491 development rows
log10_total_power_nw,elasticnet,linear,42491,15000,7496,2.1345,0.9677,,3000.0,0.8634679211191261,0.14336451175821513,0.10847061044764097,0.09017158626364474,96.1430156842341,37.750788885739425,0.05051223150520985,1.2164975597028822,0.8635397294193611,0.9292835837482624,0.9417067059674116,0.0,0.0021245821299267563,0.003087932193728626,0.0019393509331590085,0.0017228934270235015,13.452605775559467,0.4280803599890457,0.003646031005248165,0.18280451329385658,0.00216066007145934,0.001163073815374383,0.001956237132698078,7496.0,0.8666792004925645,0.14343996789883737,0.10804925162254249,0.08984038805276848,95.44198842903427,37.86224885132704,0.04158530916236637,1.748064616914285,0.8666842296808608,0.9309816538845588,0.9429524214098971,0.8577847588896096,0.8740317724316208,0.13904610929106434,0.14865065571440841,0.10609272095483469,0.11001935243051819,cross-validated on a 15000-row subsample; final model refitted on all 42491 development rows
log10_total_power_nw,poly2_ridge,linear,42491,15000,7496,0.3759,3.5137,,3000.0,0.9403814149219327,0.09472810710378203,0.06706172679007752,0.050626603763437014,58.594806052253624,27.5623059306296,0.033357646079873474,1.064556686588619,0.9404484736150698,0.9697724149263316,0.9737276901475209,0.0,0.0031306213161485363,0.0037280748375780304,0.001288481669013439,0.00080506753001516,4.739253922147629,0.7255274770556921,0.0023725967290997405,0.26860407726992463,0.003160709437630378,0.0016254891363752047,0.0006507181463043519,7496.0,0.93869103322381,0.09727096473325653,0.06660725308601147,0.04982700525122802,53.90352476685827,26.603829749311565,0.028200251298208044,1.8531463327835382,0.9386985590117849,0.9688646966135003,0.9739992944342087,0.9306481452774683,0.9449656450946556,0.09197705928838865,0.104167932333407,0.06514197241621417,0.06818267857597261,cross-validated on a 15000-row subsample; final model refitted on all 42491 development rows
log10_total_power_nw,knn,neighbour,42491,15000,7496,0.0887,120.662,,3000.0,0.7906359913996317,0.17751821787099636,0.1294275734897776,0.09831388043719402,138.26014879091218,41.64931495981719,0.06256747242384983,1.2572189646074272,0.7909151477610938,0.9079913581472077,0.9183986612442954,0.0,0.002596801263832793,0.0029044446031769445,0.0016267656128426413,0.0009800531530376577,18.292195151827276,0.6921114026106279,0.004733561690564931,0.14626979141894825,0.002728567104549507,0.0022266032674792234,0.0010472576432195237,7496.0,0.829752934914268,0.16209179869508314,0.11589945114279734,0.08629477061560972,131.69219494487905,39.50482844285475,0.04699274309774662,1.8000203236522956,0.829833650114074,0.9238264039743361,0.9325827960126292,0.8201465056536235,0.8375222481771257,0.15699386482901687,0.16773103442385373,0.11301994975152671,0.11851623668826387,cross-validated on a 15000-row subsample; final model refitted on all 42491 development rows
log10_total_power_nw,svr_rbf,kernel,5000,15000,7496,2.8316,833.3448,5000,3000.0,0.9273819062452521,0.10454468761064113,0.07570663951144646,0.057188939805678,61.02243624243611,29.048820508968436,0.03680912187519567,0.9822652204656876,0.9274174525330785,0.9630577438090506,0.9680043880004874,0.0,0.0028939057889033715,0.003211138704462007,0.0014026592892714131,0.0010603797260582545,9.601030157301444,1.164981765145537,0.0024073557708869688,0.3197336464283138,0.0028973201233208463,0.0015225562593386226,0.0006576603760825737,7496.0,0.9177223364956009,0.11268398568366883,0.07915380172221245,0.05938876997254722,66.55523760441439,29.77094769031336,0.032668707689671866,2.089888364595701,0.917732372531301,0.9579850861165664,0.9659792861022328,0.9084725168975852,0.9253910983512605,0.10667522590445304,0.11916664442784626,0.07716954026867631,0.08116886201011882,fitted on a 5000-row subsample (model cost is super-linear in n); cross-validated on a 15000-row subsample; final model refitted on all 42491 development rows
log10_total_power_nw,gpr,kernel,2000,15000,7496,43.7908,136.6398,2000,3000.0,0.9350472310538912,0.09886859659390461,0.06963865195404358,0.051140298336320236,58.58650805210393,27.7691509117491,0.03480297890238808,1.0519211861770856,0.9351488070591373,0.9670546241219604,0.9716459310717699,0.0,0.0038258060165399614,0.004151889578948891,0.0011114598768238561,0.0008871692672740807,6.898906342767143,0.7197238507870308,0.002340439912993278,0.23058121272997187,0.0039041676403792826,0.002020954654439623,0.0009367671276963416,7496.0,0.9329142675288152,0.10175044274410247,0.06805977410018435,0.04859185630547225,56.29572669814671,27.265529018106665,0.0294989163822551,1.9777447875960583,0.9329196874801802,0.9659285720321444,0.9724308285386485,0.9248145198190395,0.9398562298567795,0.09570414565465103,0.10894750639353357,0.06635354949003892,0.06969295407549701,fitted on a 2000-row subsample (model cost is super-linear in n); cross-validated on a 15000-row subsample; final model refitted on all 42491 development rows
log10_total_power_nw,random_forest,ensemble,42491,15000,7496,7.011,18.9557,,3000.0,0.9279660392747655,0.10412954166668675,0.07033113865968406,0.04854154010955091,61.25585335168421,29.14446173899608,0.03665825694212382,1.0573499192011853,0.927990438996589,0.9653396115102743,0.970580850686761,0.0,0.0029596576014716464,0.0034484881940153953,0.0019445682396192997,0.0019267413756957241,7.2576364303362375,0.8966694016534156,0.002338599180238145,0.21879978952942372,0.002962345445871609,0.0012774592360913818,0.0013575302162814227,7496.0,0.9450477552070472,0.09209031185319969,0.05806064682115219,0.03698389837262521,61.10775471608333,24.758212260465815,0.02669830553765121,1.6658698926667799,0.9450568354328499,0.9730698920528958,0.9781421440445935,0.9386111487199225,0.9503007801642179,0.08712331986911512,0.09859936283427084,0.056425809823754475,0.05990333845198751,cross-validated on a 15000-row subsample; final model refitted on all 42491 development rows
log10_total_power_nw,extra_trees,ensemble,42491,15000,7496,3.8134,20.6486,,3000.0,0.9243489829032517,0.1067066986910189,0.07481531383220037,0.054749107240669295,66.71960202683772,30.695940741399163,0.037547027980578,1.0199172796699731,0.9243760835804442,0.9641052398834079,0.9695533779503751,0.0,0.004048404971220664,0.004235058028520762,0.002234572536894394,0.0018794525331466425,9.34670063848791,1.0237678458185413,0.002231033503896438,0.23206304965984997,0.0040581016192076024,0.001971635628766858,0.0018197726964644732,7496.0,0.9436378951384202,0.09326416932706007,0.060364501704859276,0.04023058737577287,64.99662261760383,25.5702831673848,0.027038623697771446,1.714266944506226,0.9436444128545329,0.9727794482736783,0.9776974232201335,0.9364119490734454,0.9492278079218944,0.08859910703537888,0.09958615429159041,0.05887430340853972,0.061960646541726366,cross-validated on a 15000-row subsample; final model refitted on all 42491 development rows
log10_total_power_nw,hist_gbr,ensemble,42491,15000,7496,3.5668,32.4513,,3000.0,0.964000253356995,0.07360435390284881,0.04759185308141846,0.02920984742749764,48.96318964155975,21.353051312460295,0.025896846735397817,0.8917615656868676,0.9640238632982445,0.9818925974409602,0.9843537905281987,0.0,0.0017202580280396061,0.002516973318989451,0.0013494066933056163,0.0010927593673073696,7.660569226620569,0.7841697952944605,0.0014228040278496338,0.2259723891072329,0.0017478900825009364,0.0008816682584461721,0.0005551694774575136,7496.0,0.9683843901191255,0.06985090007424098,0.04259285302373875,0.025084044483516615,41.67815135104146,19.619555995341482,0.02025078029092626,1.5303122889814236,0.9683845156850595,0.9840823704968665,0.9875174689348132,0.9638314221279864,0.972735445795308,0.06525404777107562,0.07584665187582162,0.041309804543176655,0.043888825456553954,cross-validated on a 15000-row subsample; final model refitted on all 42491 development rows
log10_total_power_nw,xgboost,boosting,42491,15000,7496,14.4739,21.9927,,3000.0,0.9638176662002017,0.07378804424711505,0.045064682826845434,0.025275277877993062,44.0104895242669,20.759557020514087,0.02595080664849699,0.9119616494798091,0.9638440099254012,0.9819870055045199,0.9848226600681806,0.0,0.002412035184663594,0.0034240734807478132,0.0011533723546005967,0.0003346543861136009,3.4851762442054612,0.6200389230928388,0.0014372389848751846,0.28121636587390547,0.0024400155538513908,0.0011980465947515927,0.0006828992757639144,7496.0,0.9711074785941155,0.06677500766016244,0.03804760119173101,0.020012121919791126,36.448867750502714,17.507706016570033,0.019359034853003096,1.507813841705369,0.9711079075577012,0.9854921857298725,0.9886173283277315,0.9651469453958318,0.9753115485530662,0.06165632127645335,0.07236798101046389,0.03686971868426854,0.03931225997228192,cross-validated on a 15000-row subsample; final model refitted on all 42491 development rows
log10_total_power_nw,lightgbm,boosting,42491,15000,7496,2.471,7.2695,,3000.0,0.9658112386483071,0.0717172957128253,0.0450146721640174,0.02650905943004781,45.44551513282679,20.7622659873429,0.025230880221387187,0.8927148931556464,0.9658302104242026,0.9828492917490461,0.9854312094034677,0.0,0.0022321677021597754,0.0030852660737036696,0.0013018670389028496,0.00053991695508376,5.0469124249403485,0.8530891887823178,0.0014991013822671254,0.22353648627100525,0.002238655017710881,0.001137584439122312,0.0008426279018785302,7496.0,0.9707436935225785,0.06719407396461795,0.03935770398042507,0.021793024692621454,38.57472016976995,18.273035832272885,0.019480528200259025,1.5434782911050604,0.970743804259335,0.9852753215308461,0.9886482169630163,0.9648440027670485,0.9747851478346761,0.06162195795657591,0.0735375750700148,0.03821463435713797,0.0404924930297399,cross-validated on a 15000-row subsample; final model refitted on all 42491 development rows
log10_total_power_nw,catboost,boosting,42491,15000,7496,6.3966,2.1766,,3000.0,0.9701958352582654,0.06695053948783644,0.041455320397034645,0.02360726610951607,41.870315275586336,19.648083556771045,0.02352855792521922,0.845180685368106,0.9702190121157692,0.985075903706418,0.987495395766155,0.0,0.0023095314861151183,0.0032829030113339167,0.0011804810254350102,0.0006167964457508903,4.358926206959792,0.6193030874869101,0.0010230511192527646,0.29837334818621786,0.002340291679014566,0.0011781352765478715,0.0007327721351990679,7496.0,0.9718971972076194,0.06585610520900041,0.03813923782908535,0.020560092644009237,37.105828499599994,17.73666498515626,0.01909263181986397,1.629367256232684,0.971897207086279,0.9858574041473918,0.9891733931902407,0.9652470868453897,0.9763368478038904,0.06038138160756109,0.07310294113512837,0.03698311777555324,0.03923090100183455,cross-validated on a 15000-row subsample; final model refitted on all 42491 development rows
log10_total_power_nw,mlp,neural,42491,15000,7496,13.3206,1.5222,,3000.0,0.9637444287582418,0.07385868082739196,0.047528696645230475,0.031543709073831194,46.23356501477137,20.97443721988819,0.02599368645321907,0.9556807525405538,0.9638314358715302,0.981866056141999,0.9852016027112891,0.0,0.0022290483324079093,0.003091252241146828,0.001480781732425186,0.0011573293268979325,6.234458476165805,0.638407286619877,0.001678017453057313,0.18470175167277597,0.002243951292628706,0.0011193364347849197,0.0005207373044482292,7496.0,0.9791104054173144,0.05677880271330902,0.026590771719916168,0.014065992046783438,25.496480990006138,12.978360883015538,0.01646099130729867,1.8133755739195418,0.9791264342145787,0.9895194977562997,0.9933876578120937,0.9723820655818002,0.9841103160177319,0.049171094315596006,0.0657223346346726,0.0255840273450598,0.027722781887116077,cross-validated on a 15000-row subsample; final model refitted on all 42491 development rows
log10_total_power_nw,mlp_deep,neural,42491,15000,7496,53.7214,3.6624,,3000.0,0.973618033643945,0.06296288886721525,0.03659020850627071,0.022158234005862153,32.72425165763946,17.29549180431682,0.022158795353014342,0.7978125801450767,0.9739220053796563,0.9868860459679407,0.9898988693665409,0.0,0.0023988226879201216,0.0033658839123013287,0.001515834810975252,0.0014957239141574611,4.246734635514225,0.521925287374005,0.0016238488452282875,0.1878906998553566,0.0025015113812699575,0.0012587985285966506,0.0008250063550966781,7496.0,0.982660642628256,0.05172943363353076,0.020646019698230735,0.010061296591075408,17.01884232333667,9.841174239551036,0.014997106608122198,1.7672815988546775,0.982668199201419,0.9912962547574606,0.9948993007352576,0.9750279038797315,0.9875457660331103,0.04310131862701557,0.06061187798386107,0.019664112816978108,0.0218227439601827,cross-validated on a 15000-row subsample; final model refitted on all 42491 development rows
read_margin_mv,ridge,linear,42491,15000,7496,0.2018,1.7509,,3000.0,0.6105624198240467,24.865503542061695,12.436051170035315,7.408568149271725,50.21962523736521,21.77487664248264,0.07471813532712301,292.38309800941704,0.6106300512444021,0.7814365852440058,0.8492242708927351,0.0,0.023536539707656033,1.112173579333205,0.3485390525556745,0.11673023490300002,33.88512397113206,0.24429017618894958,0.0052665778315051075,13.034113729536402,0.023581289454877058,0.015091256126709801,0.009991190052375785,7496.0,0.5577280228975472,26.014388208937383,12.595765923323073,7.209840976242361,40.289098319945836,21.611374022111118,0.0720484457468881,328.16741411670074,0.5577315386397271,0.7476762770036812,0.8344447111533225,0.5039579098538554,0.606983176629662,23.84546739617669,27.897989846352445,12.109155102887572,13.126522086124798,cross-validated on a 15000-row subsample; final model refitted on all 42491 development rows
read_margin_mv,elasticnet,linear,42491,15000,7496,23.0155,1.0134,,3000.0,0.6104355721713334,24.869398069072027,12.381980291438254,7.330768013828484,49.96947364313944,21.707307502076766,0.07473035991506041,292.44808645280466,0.610501227525228,0.7813612609622856,0.8502938615029466,0.0,0.02377204299482151,1.119039343693508,0.3526035266408004,0.1272392841893923,33.63577230509178,0.2483699342912226,0.005286100123744944,12.782858000030913,0.0238149002519592,0.015273136621891885,0.010058429407806529,7496.0,0.5576720484475097,26.016034362298477,12.52261620129642,7.079893290121987,40.13705258707966,21.489326418825243,0.07205300486971562,328.2165396667153,0.5576750876959489,0.7475570161083148,0.8357083971200006,0.49959064588129926,0.6141697172439818,24.079683757063528,28.00140132823103,12.029081691779039,13.055588119851544,cross-validated on a 15000-row subsample; final model refitted on all 42491 development rows
read_margin_mv,poly2_ridge,linear,42491,15000,7496,0.3419,3.5755,,3000.0,0.7473384529420761,20.02888192842125,9.918523500259969,6.050441615598553,31.254689268006576,20.11727214558849,0.06017431223491911,247.00628227483108,0.7474472560917922,0.8646134417733773,0.8842200301050755,0.0,0.01231328984323706,0.7463772991768317,0.3702644124571279,0.15389091327973473,0.7547740069809746,0.561407931454234,0.0038245229134526797,12.13756690515335,0.012388659400343494,0.007069556668951645,0.012557539269323076,7496.0,0.7178272741615921,20.779085124865727,9.720116109866145,5.529175797945825,34.718068373098646,19.03978437858796,0.05754895234378491,295.30117833087354,0.717887050786001,0.8473334728349863,0.8845186237062231,0.6834545143596229,0.7556835709014516,19.11993465725996,22.573024450769253,9.312090865105548,10.096649975488129,cross-validated on a 15000-row subsample; final model refitted on all 42491 development rows
read_margin_mv,knn,neighbour,42491,15000,7496,0.0843,123.4905,,3000.0,0.6497471698134806,23.584799194068758,12.937173213736818,7.68592464275428,56.96120981530371,23.45504630256139,0.07086685908754274,256.5839355552042,0.6502397110811163,0.8198523189105137,0.8466669282502112,0.0,0.018484172362691235,1.0113785550107168,0.34690445971838657,0.18704424515936835,32.07215257625515,0.24654725304282304,0.004878541976092794,15.909139618321472,0.01806353129410605,0.012296041287561812,0.0074545164549505325,7496.0,0.664408999936291,22.660738446479296,11.614298738532698,6.553534399550397,42.97035942413054,20.986299774947874,0.06276030677456684,304.7938871502317,0.6650413878023647,0.8252101347049012,0.8651500280557408,0.62723092283935,0.7007548849919146,20.824683607809302,24.37024134407355,11.146346118640823,12.051153202184773,cross-validated on a 15000-row subsample; final model refitted on all 42491 development rows
read_margin_mv,svr_rbf,kernel,5000,15000,7496,2.4089,450.2559,5000,3000.0,0.6925602145374778,22.084457524673933,6.094942872452988,2.2165284888558925,16.567925850541254,11.097054134686392,0.06639709777278009,298.1719348770157,0.6962064097170254,0.8356282868456312,0.9115526148537845,0.0,0.02552252485883225,1.1995161751957302,0.3316823154218938,0.06927106763877641,6.6579310699853265,0.44580642007369975,0.005462610553123054,10.95776415251046,0.02474208403201173,0.014331776913330882,0.009359779944235362,7496.0,0.642025618079049,23.404258132032695,6.339400377073126,2.214581682677366,17.292341464186443,11.367928261240214,0.06481953020492733,330.9864056312109,0.6463466486954506,0.8069608637645445,0.8970595541654276,0.5827571684706302,0.705016454798126,21.24939296890457,25.620554532446768,5.851896483783626,6.8771525673657665,fitted on a 5000-row subsample (model cost is super-linear in n); cross-validated on a 15000-row subsample; final model refitted on all 42491 development rows
read_margin_mv,gpr,kernel,2000,15000,7496,58.0175,126.2493,2000,3000.0,0.7372111107033245,20.421237349972415,9.465913794238206,5.465935771096108,35.872551100829725,19.666905404184828,0.061367948945087625,263.8188525812559,0.7373343365063273,0.8588639790471199,0.8705788651431696,0.0,0.01299249530832863,0.6181515069659796,0.5747986072595342,0.5921857454251286,12.571570414240423,1.2073636439384552,0.003865639186888304,4.828314071224901,0.01296027520826834,0.0073954303544927855,0.004679443298308006,7496.0,0.7185816369557098,20.751291051056906,10.57237371083193,6.152661930986831,39.31010857754093,22.314469679641373,0.05747197494947465,300.4374681829931,0.7186524241068899,0.8486131230131672,0.8503397200771932,0.6827384508365145,0.7526089194575355,19.20582846655508,22.137188863361217,10.193367740241426,10.957196720790257,fitted on a 2000-row subsample (model cost is super-linear in n); cross-validated on a 15000-row subsample; final model refitted on all 42491 development rows
read_margin_mv,random_forest,ensemble,42491,15000,7496,6.9879,17.4105,,3000.0,0.808018851315737,17.45318815454006,8.342628037216176,4.251492623124085,49.16013863854634,16.945911657113463,0.05248068687448084,224.0926059008838,0.8080657119102673,0.9006178712757965,0.9064927026379312,0.0,0.01371417291190196,0.8211141333281449,0.16027282056444245,0.17123203004790266,32.50367422902363,0.15957139637242898,0.004180854243232118,19.91650790344418,0.013695435731174217,0.00794728622526877,0.004508662158579198,7496.0,0.8356032583607808,15.860450112122546,7.499894279511907,3.6333534225288595,39.36211941385757,15.197144020965212,0.04392649061152622,198.14851381547618,0.8356602585839824,0.9155633181961439,0.920521640497377,0.8167779394339096,0.8539073909648228,14.660065367700723,16.983912384319172,7.183897109245196,7.799046429549792,cross-validated on a 15000-row subsample; final model refitted on all 42491 development rows
read_margin_mv,extra_trees,ensemble,42491,15000,7496,3.4382,22.4195,,3000.0,0.8356843655804134,16.149206813997004,7.850964487042459,3.946372979166675,52.448280438711286,16.31737449982969,0.04855376822669526,193.12551287499997,0.8357121875215638,0.9171877891270956,0.9207773508359608,0.0,0.008539220981547236,0.5580843326739368,0.11713120696748164,0.12259347000789336,39.69528520500919,0.13104189222205137,0.0035283229280591633,13.1782094607581,0.008557328328081258,0.004694757691974574,0.004684502530664633,7496.0,0.8537784832733701,14.958035089615846,7.094321454089402,3.4804607291667153,38.52172088303264,14.561734950286201,0.041427196787352655,187.82025687499996,0.853836393117055,0.9261840050029173,0.9335774796857955,0.834779810689871,0.8708702923938821,13.935332858900804,16.122622744688414,6.79778039936342,7.371640300758609,cross-validated on a 15000-row subsample; final model refitted on all 42491 development rows
read_margin_mv,hist_gbr,ensemble,42491,15000,7496,4.9778,53.0276,,3000.0,0.9046422353224294,12.29846969965845,5.041303176819632,2.4390814338774645,19.045148419610065,11.169858080690847,0.03697188820679624,164.4912756092471,0.9047040273747372,0.9515967687467606,0.9560730184381798,0.0,0.00826931874433028,0.6761653389833239,0.1433596767107,0.0508476765140983,3.7445821134127315,0.07770146948412306,0.0030100813107241022,15.172740360072146,0.008317882384846525,0.004333398940264526,0.004459594735456217,7496.0,0.9283031581327997,10.474153120549449,4.057298989276965,1.9026984625006875,18.63411438664843,8.999131708517956,0.02900881030872149,176.91386553977492,0.9283299672508448,0.9635510585078063,0.9710599513658649,0.9163938803365695,0.941878962862024,9.48149441329702,11.52183669907518,3.8301323269909644,4.28802297921622,cross-validated on a 15000-row subsample; final model refitted on all 42491 development rows
read_margin_mv,xgboost,boosting,42491,15000,7496,17.0524,21.7766,,3000.0,0.8839391990634603,13.553156723075588,5.3448314860377195,2.2067598037719542,23.396821093576538,11.456839065521594,0.04076656393552753,181.15954558105472,0.8839715879941125,0.9413217061437343,0.949128790715832,0.0,0.014705715284751416,0.9803055483232959,0.18559806842560905,0.03909219343972873,9.809409883092156,0.11497988801432213,0.0040086696738372085,14.578080868702594,0.014742215484961615,0.007990791222694665,0.003421438104723554,7496.0,0.9203647208311542,11.03879476369582,3.96741190114338,1.5071654663086207,19.110473446940645,8.671442326268588,0.0305726200153318,184.74939440917967,0.92037745844502,0.9598140002801381,0.9682111796367866,0.9067171964524399,0.9339634076106812,9.938267952290339,12.120377799334264,3.7183170407530013,4.198532833527285,cross-validated on a 15000-row subsample; final model refitted on all 42491 development rows
read_margin_mv,lightgbm,boosting,42491,15000,7496,1.7255,5.9906,,3000.0,0.8915606690257704,13.106654142846224,5.00832904559478,2.1157289695897794,16.730623325119566,11.064796871750728,0.039421554035377296,173.24831569010252,0.8916165351572607,0.9447951973403814,0.9530646359647976,0.0,0.011837235276207458,0.8286666489910532,0.13107620482721744,0.046608402808329265,1.334908640597813,0.04118093886736429,0.003642610928723017,18.722867635757645,0.01187094902178346,0.0063300556769723,0.0012353524270770496,7496.0,0.9282571656444157,10.477512090915967,3.6478435853483435,1.54677027445803,17.721896913990882,8.24786450183176,0.029018113183433506,182.93419349888913,0.9282711484972812,0.9636112268318554,0.9721976716116068,0.913940174899386,0.9397082578591631,9.33983825026925,11.5926988573318,3.4186916211584686,3.8708043148969242,cross-validated on a 15000-row subsample; final model refitted on all 42491 development rows
read_margin_mv,catboost,boosting,42491,15000,7496,6.5589,2.5689,,3000.0,0.9335589904794933,10.267478391311704,3.9516394081202493,1.6733094799136095,15.515371635872132,9.34114467803246,0.030849086019366943,129.92791758599373,0.9335831216910953,0.9668016379801042,0.9674739591534749,0.0,0.004673442861251876,0.4551291368959048,0.09565771779879464,0.02934793384885924,1.5437231364394128,0.16322059125226066,0.002123361642696071,16.68084939201593,0.00468740694569208,0.0024599500131393813,0.0040410900652073645,7496.0,0.947266079938857,8.982845574543772,3.3864446514164426,1.4571727853975922,17.621119615226377,8.183784696214548,0.024878542475499834,156.10081675038006,0.9472809515055036,0.973386674139548,0.9778852279693953,0.9365534878447781,0.9559913463343074,8.103280457573993,9.769222955381396,3.199401185425912,3.583789551128015,cross-validated on a 15000-row subsample; final model refitted on all 42491 development rows
read_margin_mv,mlp,neural,42491,15000,7496,36.4871,2.2608,,3000.0,0.9613862830069531,7.8160705554312315,3.2092936449066998,1.6176639221192073,13.418967256902963,8.964415417225217,0.02351502240546833,116.45878527580324,0.9614152553150113,0.9805825893418249,0.9816073715566315,0.0,0.004524034278337223,0.46248389138664836,0.20063451295363247,0.121938392348179,4.7156170930066414,0.5777762162879868,0.0021836908069010536,13.403445835359161,0.004532976215631855,0.0022955842950336445,0.004215566407145106,7496.0,0.9896559778042502,3.9784474625106787,1.6594685626909553,0.9135231153399683,6.60894612507973,4.4603683526301605,0.011018554572852425,70.42274103841686,0.9896911392889216,0.9948529539595439,0.9958191601892548,0.9875254908752421,0.9917219514446531,3.540962276283182,4.335990110175214,1.575713227380346,1.7446220959254075,cross-validated on a 15000-row subsample; final model refitted on all 42491 development rows
read_margin_mv,mlp_deep,neural,42491,15000,7496,57.4854,2.3671,,3000.0,0.9509894502418506,8.753269941951883,2.6848495186511956,1.2031349102535431,8.128394241975128,5.941564400223217,0.02642695739868356,160.2365076357045,0.9511337102538941,0.9753065797392306,0.9796270528896706,0.0,0.012158853845594246,1.0739906234745693,0.37099703701380377,0.2030598228934457,2.28559976705936,0.7880758094934427,0.004341918753308329,19.350530206744857,0.012179734425497725,0.006275147501225314,0.006126577276101424,7496.0,0.9911760011991636,3.6745285466508832,1.1321578809678703,0.5088649541176622,4.438547729783982,2.7174579067524056,0.010176832471032836,75.04422507617971,0.991178729290948,0.9955829969792023,0.9964674572115491,0.9890543500503767,0.9931549265298123,3.2241276480967795,4.166632052252126,1.0501193196716134,1.2130006215468334,cross-validated on a 15000-row subsample; final model refitted on all 42491 development rows
write_efficiency,ridge,linear,42491,15000,7496,0.0901,1.065,,3000.0,0.688350998875688,0.06848603489366548,0.05436550011956252,0.04813504135134326,6.518171181080726,6.340376086080969,0.10290926141481305,0.4100686387562087,0.6885832135391969,0.8299548849347305,0.8347264249251583,0.0,0.0024278518492229268,0.00047474662559667354,0.00050366190455035,0.00048804210711421523,0.06642135882941289,0.06305175000228407,0.0040356142861582844,0.015368679087467061,0.0023949145445233367,0.0013189291722437795,0.007059397969690669,7496.0,0.7016093053915193,0.06681286718480137,0.05356183317973127,0.0481116843371972,6.431863433437675,6.261231248912462,0.09542511010446124,0.4442188750521181,0.7016258922856907,0.8377374004664937,0.8418326709508392,0.6902339700843526,0.7117548856642615,0.06551291851848672,0.06814353982639952,0.052725328163223686,0.054502458996110045,cross-validated on a 15000-row subsample; final model refitted on all 42491 development rows
write_efficiency,elasticnet,linear,42491,15000,7496,0.8738,1.1265,,3000.0,0.6849715998201998,0.0688570591206666,0.05436457188527575,0.04811835581317282,6.544875388524302,6.3524777387947,0.10345883467187669,0.4280526603795171,0.6851916732455201,0.8279474492624737,0.8336801091644563,0.0,0.002234009404239594,0.000549997282353786,0.0004954198936164377,0.00047227722140995575,0.07219899697392355,0.06762041170395397,0.0038745244012754827,0.01245300531890355,0.0022414675386380417,0.0012604935571775009,0.0067722216660469235,7496.0,0.6987356343936214,0.06713381913137285,0.0535406608474216,0.04772583065086533,6.455329819473208,6.271035800540285,0.09588350795700532,0.4812965789806476,0.6987461152754741,0.836263956824153,0.842244158897124,0.6883443963306041,0.7089683095798412,0.06564609480531426,0.06870471214510654,0.052676106834641884,0.05437189217825949,cross-validated on a 15000-row subsample; final model refitted on all 42491 development rows
write_efficiency,poly2_ridge,linear,42491,15000,7496,0.3446,3.6632,,3000.0,0.9330371090929706,0.031737630888011376,0.02255874454704626,0.017611834775310985,2.6836435939839176,2.6515499499651805,0.04765078208008975,0.2742164572473572,0.9330543404336004,0.9659567646954358,0.9183785969753995,0.0,0.0030176080216034124,0.0007462919001970075,0.000310741989946013,0.0003664912209407187,0.043294687973491876,0.04062980228751761,0.0009281195255922485,0.02897631883233622,0.0030169086687839106,0.0015544264352627421,0.0054528203877567015,7496.0,0.9411719710809365,0.029666042886785513,0.021723015909271177,0.017469900270439043,2.573719304819613,2.5530336618324685,0.04237036259804681,0.2804873140113991,0.9411727666356953,0.9701413281668149,0.9238561366195234,0.9368415443829176,0.9452127132933944,0.028793093086039768,0.030557979410682848,0.02127894494316308,0.02220212649546503,cross-validated on a 15000-row subsample; final model refitted on all 42491 development rows
write_efficiency,knn,neighbour,42491,15000,7496,0.0834,119.1338,,3000.0,0.7358091566257027,0.06305572690566744,0.04158783512282975,0.0263003346988101,5.456840541705851,5.14531332126028,0.09472284392722238,0.38991372973279825,0.7406916710936887,0.8878183106731811,0.8652043908893766,0.0,0.005847073880779331,0.0009884658048468994,0.0004809609867589634,0.0008557865740335526,0.07938451473107642,0.06594469997933917,0.0032519248082012405,0.025864171398880947,0.005671047478384896,0.003477288302562937,0.0041265342289323135,7496.0,0.7828193936514353,0.05700041167024744,0.03677114290909859,0.022421536070762527,4.861073284694928,4.587872946390541,0.08141052448158231,0.4073141154147412,0.7880163205717547,0.9137965265882653,0.8910896918716739,0.7740673955940794,0.7914839804508685,0.05534254309563729,0.05875091741406325,0.03582056625159869,0.037823187078278225,cross-validated on a 15000-row subsample; final model refitted on all 42491 development rows
write_efficiency,svr_rbf,kernel,5000,15000,7496,0.3353,74.8271,5000,3000.0,0.9268243302902951,0.033174326008994885,0.024517382359810953,0.01914331598600514,2.900841615902118,2.8724489446872905,0.04979422306023629,0.23375403162135813,0.9268892664636491,0.963142196591782,0.9130451929161325,0.0,0.004381100472687686,0.0011027292758049884,0.000527441561883163,0.00042163865298426286,0.08213950372237229,0.07289822935085205,0.0009491032013688055,0.024807817608349707,0.0044240803412348515,0.002210648771854112,0.0036920515606131275,7496.0,0.9272380196511688,0.032992841977207,0.024458610382696876,0.019085479760538038,2.9108285876781914,2.8778355039090044,0.04712184510246936,0.22491700244639912,0.9272613625879698,0.9636831239898838,0.9151594238965163,0.923452154130014,0.931162709235541,0.03210357915537869,0.03375298804435107,0.024000046687921866,0.02501476007087701,fitted on a 5000-row subsample (model cost is super-linear in n); cross-validated on a 15000-row subsample; final model refitted on all 42491 development rows
write_efficiency,gpr,kernel,2000,15000,7496,30.495,72.0654,2000,3000.0,0.9405482988935978,0.02990287635140005,0.02084117789424502,0.015598515813490765,2.468646217655648,2.441655801943405,0.044890418427678894,0.2729839458200758,0.9405849196903338,0.9698407160709485,0.9249343277482586,0.0,0.003054838478711459,0.0008066591995345819,0.0003971032496814142,0.0004080157347659258,0.046035433364330115,0.04535444585812297,0.0007766672841262828,0.03912879826774295,0.003043402027773433,0.001569664745381755,0.004139012866041742,7496.0,0.9448987745853138,0.02871098553017878,0.02047229828085689,0.01581490761755794,2.419450173213222,2.395952623835087,0.04100630718102371,0.2571562875504669,0.9448998133949188,0.972088849894241,0.9278215243556076,0.9405462159527842,0.9489013813250754,0.027779907309999394,0.029823165356926595,0.020052192752246227,0.020896486703705374,fitted on a 2000-row subsample (model cost is super-linear in n); cross-validated on a 15000-row subsample; final model refitted on all 42491 development rows
write_efficiency,random_forest,ensemble,42491,15000,7496,7.8029,17.8688,,3000.0,0.8114557665371003,0.0532601570585635,0.03131303370275399,0.018303285995020423,4.0287185058009545,3.8304221685930657,0.07997631225923871,0.44649032126085775,0.8116571998032631,0.9011499002559059,0.8595461050162339,0.0,0.007212823857010896,0.0010941422005812957,0.0004433964821079661,0.0006366827025419034,0.07138404186267691,0.0565194059262997,0.0018571912714034533,0.02284711390102276,0.007426173798620144,0.004186917375062623,0.0025611087654206534,7496.0,0.8326020711171829,0.050042904906346955,0.029676903160020765,0.017220798205820065,3.7960401978737326,3.632781090427085,0.07147350371039819,0.48351627465587915,0.8329034261869953,0.9127542427332748,0.8720838474614644,0.8184333416106727,0.8451168390099244,0.04799439706981347,0.05253991607349637,0.028814269559080563,0.030751621848064885,cross-validated on a 15000-row subsample; final model refitted on all 42491 development rows
write_efficiency,extra_trees,ensemble,42491,15000,7496,3.0201,18.0036,,3000.0,0.8035230797432247,0.0543640296737994,0.03201973452596571,0.019144916143690117,4.130261709680622,3.918407363609005,0.08162274116602761,0.47072520927502043,0.803695812780458,0.8966246701816815,0.8641141710349076,0.0,0.008971481775808976,0.0012867022345568917,0.0005399719317535148,0.00044695356473263586,0.08262384158580784,0.06801925231355463,0.001639962125017541,0.025914676999837745,0.009156998295023798,0.005156848257348781,0.003154320254231935,7496.0,0.823574032125242,0.05137463222734053,0.03042440541218092,0.01784764794359156,3.90552855150444,3.7214449902092106,0.0733755359324765,0.5026394387207999,0.8237926448723677,0.9077652260851841,0.8761024327598732,0.8098527376292017,0.8383690573710423,0.04914887209851331,0.05407639404590178,0.029553410589239288,0.03132874924701813,cross-validated on a 15000-row subsample; final model refitted on all 42491 development rows
write_efficiency,hist_gbr,ensemble,42491,15000,7496,2.8348,32.418,,3000.0,0.9780050751928782,0.01816784626639392,0.009727702515886873,0.005276355662618681,1.214114482351615,1.1981466739225657,0.027253152148686295,0.20965307549205825,0.9780085550700468,0.989097321351678,0.9654063398895932,0.0,0.0022805132357684283,0.0009674607540129053,0.00026451784322559577,0.00018864103999304842,0.038489795485381006,0.034676340267443415,0.0008634328553389025,0.028417798756878727,0.0022778794456901653,0.001109556261568915,0.0008820121874243844,7496.0,0.9878196506646356,0.013498867785815811,0.007959067132049148,0.004768575013068488,0.969271279332166,0.9627647166141106,0.01927968367506407,0.13755874695319048,0.9878209982987588,0.9939540675540623,0.9691275677129155,0.9865882118044701,0.9889546376232222,0.012842400865179147,0.014128553376583057,0.007696286974086794,0.008191563943151728,cross-validated on a 15000-row subsample; final model refitted on all 42491 development rows
write_efficiency,xgboost,boosting,42491,15000,7496,10.2648,9.8028,,3000.0,0.9707112857756386,0.020964591970965715,0.010819833644631805,0.005087647728123645,1.3873882583091937,1.3592225581105184,0.03144811401591769,0.21918840723012173,0.9707273488716762,0.9857455453981714,0.9690968974038923,0.0,0.0030608847730115383,0.0011135565524628033,0.00041169125050779143,0.0002312663798413596,0.06178061745469488,0.05742884582888879,0.0009691533500043652,0.02880756193150669,0.0030572030744048925,0.001521445779511658,0.0009352955468435803,7496.0,0.986966301336109,0.013963725717668157,0.007417253620651294,0.0037719705261358705,0.9325994915811455,0.9213965358359465,0.019943614459642538,0.16459308707341536,0.986974061466863,0.9936265476518692,0.9781224617223871,0.9854682721341744,0.988355629219541,0.013116174021767825,0.014745546091075175,0.00713543586200716,0.007717099276681063,cross-validated on a 15000-row subsample; final model refitted on all 42491 development rows
write_efficiency,lightgbm,boosting,42491,15000,7496,1.4022,5.3534,,3000.0,0.9787874447480626,0.01784012355817976,0.009323145032097052,0.0046907049860276055,1.1725417028181213,1.1551976396288015,0.02676377311814799,0.21463763992938328,0.9787881896987342,0.9895815555963606,0.9696775479197273,0.0,0.0022825047690018876,0.0009782583925308803,0.0002731767839008182,0.00010266609336550552,0.040016928783704005,0.03685060244719343,0.0009741847132158282,0.035659101746692665,0.0022821471079247416,0.0011240014202375291,0.0009351358678062227,7496.0,0.9900919493940372,0.012174792824340318,0.0066828154629390655,0.003607432844626779,0.8245406692559566,0.8177660337936141,0.0173885808933816,0.12563141599278493,0.99009522858064,0.9951182022665992,0.9782420954994205,0.9889175061706426,0.9910710897951561,0.011483264471606382,0.012933501178538113,0.0064623801707669685,0.006930497199004908,cross-validated on a 15000-row subsample; final model refitted on all 42491 development rows
write_efficiency,catboost,boosting,42491,15000,7496,5.5341,1.5944,,3000.0,0.9845960711075691,0.015203182828830103,0.00804273781371357,0.0044188014521237325,0.9933372408069193,0.9803399183661788,0.022799216383740776,0.17327503165869262,0.9846043197905716,0.9924524997529769,0.9705528035725337,0.0,0.0017605625936825597,0.0009137760641929876,0.00028829639613164274,0.00013839057651901732,0.04062528072512108,0.03781186810438243,0.0007424539025935832,0.014919547920770543,0.0017579046976929197,0.0008301081518754446,0.0005862223611500501,7496.0,0.9923793101748001,0.010677377913418992,0.006260512318695576,0.003850844015622301,0.7495489494938257,0.7458092282393349,0.015249906282224746,0.11031035585934967,0.9923802066357842,0.9962081794356954,0.9764483636100159,0.9915220100441196,0.9930654122203143,0.010053527354423854,0.011258425992444185,0.006070588924348533,0.006469748907129476,cross-validated on a 15000-row subsample; final model refitted on all 42491 development rows
write_efficiency,mlp,neural,42491,15000,7496,40.5615,1.7791,,3000.0,0.9880409425216905,0.013196278914050027,0.008034344031211865,0.005234972160825668,0.9804087603622269,0.9785243055858441,0.019781679105312377,0.1486787067849582,0.9880923349837689,0.9940561974288649,0.9645929319769924,0.0,0.004424318980585484,0.0025574241078197926,0.001586986018482145,0.001032840152720005,0.19409827958083878,0.19279930950614096,0.0035890113201787464,0.04700274494719491,0.00440606288403914,0.002209715660445279,0.010207030900010527,7496.0,0.998758759483925,0.0043091880142631656,0.002679699796337944,0.0018378307608752364,0.3280386292565493,0.3274354820284378,0.006154574082032935,0.0583239014064143,0.998758770714855,0.9993871444812906,0.993314641348974,0.9985983558939081,0.9988788437064424,0.004078782856476793,0.004618459037521001,0.0026131065323283303,0.0027545380997882935,cross-validated on a 15000-row subsample; final model refitted on all 42491 development rows
write_efficiency,mlp_deep,neural,42491,15000,7496,80.4975,2.7518,,3000.0,0.9930832160095326,0.010075115799771715,0.006128934451360439,0.004128147469261189,0.7431488077185164,0.7415375784712547,0.015090251017053039,0.12246421799127889,0.993138484894782,0.996567400758909,0.975431253359028,0.0,0.00226203851271609,0.0016912996218590398,0.001415542569059825,0.0011206943315783518,0.16738577517815617,0.16766779801843537,0.002224561240808217,0.013204713938196487,0.0022766002347578626,0.0011389547103859226,0.009669554894447305,7496.0,0.9985878562945558,0.004596284670804121,0.003022865582226557,0.0021401979779056,0.36742778468134124,0.3668476899298931,0.006564618302785603,0.07089343398391046,0.998613891447874,0.9993099293784155,0.9922975161031896,0.9984285580744745,0.9987360648142838,0.004343909366192775,0.00487002284665138,0.0029390211672463236,0.0031067462651090724,cross-validated on a 15000-row subsample; final model refitted on all 42491 development rows
energy_per_access_fj,ridge,linear,42491,15000,7496,0.0897,0.9928,,3000.0,0.8357808962810864,17.243455584122454,12.067131011746282,8.438396137808637,56.880607265923004,45.78271337757455,0.05599613733843621,103.1603781735885,0.8358832532675766,0.9145959888364954,0.9201577696175297,0.0,0.006533373927037776,0.6860190142404179,0.3699627299145238,0.3275071271122406,1.39973831161471,1.2910720800421154,0.001842786378192002,6.920892403655048,0.0065628579407632694,0.00362013588513521,0.003425508332900178,7496.0,0.8374240055066465,17.35840091644102,12.057005388331923,8.21269672872071,56.32141481274034,45.24087303049067,0.05463824970279155,114.46698402322089,0.8374535282154231,0.9152154058731793,0.9216032121798765,0.8293047933086629,0.8450967637564607,16.845533625147063,17.83824263276656,11.76794139279403,12.317153180717618,cross-validated on a 15000-row subsample; final model refitted on all 42491 development rows
energy_per_access_fj,elasticnet,linear,42491,15000,7496,15.6516,1.0925,,3000.0,0.8357137079514849,17.247639356848797,12.07058707375636,8.43844905229481,56.90956126624415,45.765361552866594,0.056008185003856494,103.19284747248653,0.8358124749552219,0.9145544024653356,0.9210404056267116,0.0,0.00633630620699695,0.6917441176232088,0.3674038342414199,0.3128384952418072,1.356654104490959,1.2698926179907066,0.001817680756389354,7.444317774123114,0.006364190631279928,0.0035473909820209386,0.0033545446802267427,7496.0,0.8371311091066433,17.374030300375956,12.06754093155895,8.21705493864363,56.368254423504595,45.260701795905725,0.05468744560431777,113.67582367495756,0.837161881747015,0.9150886959370872,0.922551333950636,0.8287170120600519,0.8446975420008579,16.937710820995758,17.849197081231214,11.783664840279569,12.345968402524356,cross-validated on a 15000-row subsample; final model refitted on all 42491 development rows
energy_per_access_fj,poly2_ridge,linear,42491,15000,7496,0.3578,3.6248,,3000.0,0.961122588732187,8.36853351978812,4.980553042339375,2.8286416219855894,20.78792719157729,18.541936461422,0.02724094737168354,104.21785098806306,0.9611671332907253,0.9804257543710753,0.9693308378367597,0.0,0.0039953196782678575,0.2685277851959345,0.10438791145080024,0.09876196057787393,1.2705410971542421,0.7482222457080111,0.001987220595602548,14.4308696865358,0.003994351473551139,0.0020265030628514747,0.0013062937832639594,7496.0,0.9646160046258526,8.09813364848438,4.7321681012085115,2.592639380177993,19.875481870894795,17.331478070363882,0.025490127261283857,93.66189231610966,0.9646160792749505,0.98216595424607,0.970555556802943,0.959968706220021,0.9686549841941431,7.727970649827002,8.494765086560037,4.598879287348365,4.882001782099315,cross-validated on a 15000-row subsample; final model refitted on all 42491 development rows
energy_per_access_fj,knn,neighbour,42491,15000,7496,0.0824,119.0793,,3000.0,0.8525784716596931,16.347234517431623,10.57693272254162,6.4985236019451,43.5397171616447,29.279468715986305,0.053061127739644776,133.49466069366176,0.852982355418977,0.9410423243137582,0.9082137135348569,0.0,0.004291107571670545,0.7894014505770897,0.302232147340582,0.13536451447540745,1.419220743930423,0.10449483995784782,0.0015980409242030839,25.32009263671402,0.0040531757313569065,0.0025729250030923504,0.0055414194928637035,7496.0,0.8794818200934655,14.945408404329754,9.556208410451013,5.709530944181003,37.5812193972396,26.469215993541756,0.04704298283216479,99.53267130198522,0.8797396407040913,0.9514405951558313,0.9253467444320832,0.8734471550734533,0.8856935588385555,14.510729755547896,15.461874797790337,9.312379772180048,9.817228906056274,cross-validated on a 15000-row subsample; final model refitted on all 42491 development rows
energy_per_access_fj,svr_rbf,kernel,5000,15000,7496,1.5804,250.8043,5000,3000.0,0.9417210741151539,10.27006091159779,5.397345303040676,2.431612944528706,19.446919828367054,16.782671246320795,0.03336054688314141,110.17435758404433,0.9417968537406439,0.9712781976683,0.9652575050286114,0.0,0.0033919315101812865,0.46334019078008637,0.15181748959402283,0.064830790023598,0.4411347820813591,0.44776787742214347,0.0015483238181357392,11.485198067746548,0.0033961514530568547,0.001992978291950723,0.000960016465412388,7496.0,0.9418569188459202,10.380792888766797,5.438177184145336,2.4018597437149563,19.771569493647526,16.50875810034485,0.03267515001524076,101.32386457934143,0.9419006763933405,0.9713538378004455,0.9637457421306996,0.9367522935501198,0.9469375286652791,9.863967174592915,10.942127180889763,5.236706011347635,5.625534113903565,fitted on a 5000-row subsample (model cost is super-linear in n); cross-validated on a 15000-row subsample; final model refitted on all 42491 development rows
energy_per_access_fj,gpr,kernel,2000,15000,7496,27.1413,89.0298,2000,3000.0,0.9557230912452909,8.950449160831742,5.472059820200517,3.177016016920256,21.44637552757407,19.47244106954185,0.029073696289528307,90.83515473748812,0.9558004584554103,0.9778091019688603,0.9665355248150582,0.0,0.0022768434228534738,0.33371562295363966,0.12831367177415556,0.05549338767281161,1.1306947608070665,0.4508777472488686,0.001108571447004081,16.03832127807322,0.0023320140613404365,0.0012904953385775022,0.000962468381018149,7496.0,0.9601602873608702,8.592896953556249,5.239189676561227,3.1384424991603197,20.982040620001055,18.85196933689909,0.027047471231873385,89.95337649475502,0.960163830960555,0.979908777624035,0.9666135982780232,0.9559716445914856,0.9635988561426684,8.252268736233397,8.976170930159752,5.090366644675504,5.386965065764903,fitted on a 2000-row subsample (model cost is super-linear in n); cross-validated on a 15000-row subsample; final model refitted on all 42491 development rows
energy_per_access_fj,random_forest,ensemble,42491,15000,7496,7.1483,22.2246,,3000.0,0.9426084060255808,10.195679351528982,5.584491663573532,2.9360283839997194,18.67452856088695,15.421935861145126,0.03310524141833167,106.48011073620064,0.9426498409665361,0.9737642130216424,0.9743720504857833,0.0,0.0020658214992514135,0.4333874254272901,0.13755499728065054,0.06521711360390406,0.5966977993474677,0.2980218953437441,0.001073878574364555,4.6273865244111665,0.0020454296281557987,0.0015254106906654953,0.0007590195589150525,7496.0,0.9648544081018192,8.07080651743105,4.124532380608265,2.0192277933835374,13.7497167459279,11.60623954961873,0.025404110892763496,101.12202629427334,0.9648697855665188,0.9837194808726046,0.981699958531972,0.961204733382316,0.9685915164826744,7.679313037613924,8.613181013605555,3.972256498146925,4.29591384947848,cross-validated on a 15000-row subsample; final model refitted on all 42491 development rows
energy_per_access_fj,extra_trees,ensemble,42491,15000,7496,3.1643,19.971,,3000.0,0.9401382966023653,10.415506043960148,5.9512710187874305,3.447097000404065,19.70892116955025,16.62847040943319,0.03381060209173159,103.24933060119686,0.9401958862645878,0.9741902531407446,0.9747781481309052,0.0,0.0021390070698740294,0.500212419494618,0.13715162165708597,0.0772478926913326,0.4789931221869139,0.22503661328999805,0.0010945831702997792,8.85724132206114,0.0021055021050393405,0.0015252556153337608,0.0006443001965096158,7496.0,0.9625475525389813,8.331469462980648,4.404320159689665,2.314167500065487,14.718158098659098,12.6471900224029,0.026224587800501846,97.18837782897474,0.9625490249788695,0.9834091566132839,0.9813513374846501,0.9585135288262747,0.9660721005327697,7.890787427660422,8.779548679958832,4.2350568144706715,4.560715631413428,cross-validated on a 15000-row subsample; final model refitted on all 42491 development rows
energy_per_access_fj,hist_gbr,ensemble,42491,15000,7496,4.7097,50.4324,,3000.0,0.973757049892295,6.877246997550185,3.596922196629554,1.814231710477486,12.707637622167528,11.65701311388026,0.022390923054954867,99.7600068318181,0.9737780742834572,0.9868371628658824,0.9820761291195698,0.0,0.002530943092000991,0.17592718582625994,0.06414151074823247,0.05167618382757,0.4336324687373213,0.2033442750130338,0.0016561097421811106,14.177421651125018,0.0025161214067612406,0.0012780824549910104,0.0009111614449182003,7496.0,0.9821767382185719,5.747448627226367,3.13545562168426,1.656767645240821,11.205821940712474,10.494114065601568,0.018090982848018366,85.27863057334898,0.9821804350446363,0.9910680612769698,0.985906264499516,0.9795159682368079,0.9843047421190424,5.373346790509695,6.135328216262108,3.02958390688554,3.248303286586987,cross-validated on a 15000-row subsample; final model refitted on all 42491 development rows
energy_per_access_fj,xgboost,boosting,42491,15000,7496,17.4038,22.0995,,3000.0,0.9724623807388216,7.035790999200492,3.3743234928930015,1.4649054377554347,11.164370329840036,10.077051186608779,0.022915329191406326,97.05570410068455,0.9724878463808482,0.9862799379823823,0.9839561786166634,0.0,0.0035252136275708106,0.2819655314913356,0.07988808032266202,0.034759831318549206,0.2556298736517932,0.1844111652810961,0.001951618170812065,21.69448564612291,0.0035091180251445742,0.0018769234913263036,0.0007995996379659363,7496.0,0.9832242949016478,5.575988849786796,2.662773665348908,1.1484997263092342,9.468126395734263,8.695817746247474,0.01755128669865387,83.99594485284152,0.9832295810362702,0.9916407844716775,0.988213822483192,0.980652783646051,0.9854063485199538,5.166628933801015,5.960848873688858,2.544515339688864,2.768679543819498,cross-validated on a 15000-row subsample; final model refitted on all 42491 development rows
energy_per_access_fj,lightgbm,boosting,42491,15000,7496,1.4958,5.2911,,3000.0,0.9745426594924087,6.770437936552628,3.3481908346543685,1.544532187843908,11.41457919494443,10.518133022982724,0.0220467967241637,97.91346896155933,0.9745678583297485,0.9872713361707053,0.9840849062316561,0.0,0.0026466083641972543,0.15432009721646234,0.0643426818802263,0.04281702622884704,0.28681639525733404,0.24387665447582288,0.001658998680160352,11.812229158488547,0.0026489687268447127,0.0014024019484271265,0.0009000961384729475,7496.0,0.9839650671075022,5.45148822650079,2.768599262176368,1.3072939733328015,9.903674310157832,9.24886137594759,0.017159401744734466,91.71378384272577,0.9839778690447245,0.992000303228362,0.9883270444112453,0.9816818548064469,0.9859577580704759,5.085767731540696,5.800298725633258,2.6621592152106475,2.883169419067831,cross-validated on a 15000-row subsample; final model refitted on all 42491 development rows
energy_per_access_fj,catboost,boosting,42491,15000,7496,6.184,2.1846,,3000.0,0.9783240785625619,6.25548294435077,3.1484306326168396,1.4765439615156004,10.928836414568622,10.299084237799182,0.020351492676372845,92.70715534923049,0.9783381770366093,0.9891571682593587,0.9855757462195273,0.0,0.0016049080897988309,0.12615968886547504,0.05324342781845736,0.021531163415398725,0.27616187329017655,0.2699563807424542,0.0012470506094711142,10.934567194909297,0.0016025448718444569,0.0008488162130094377,0.00036200591036633845,7496.0,0.9854296456959035,5.196567362874294,2.7228340458116294,1.3411922975646213,9.890737453940698,9.357972876084814,0.016356998927313456,84.81032857410507,0.9854355903061706,0.9927134117384024,0.988525679259282,0.9834313948318858,0.9871736235843387,4.872523564508471,5.569754498836381,2.633164980932298,2.818299683153649,cross-validated on a 15000-row subsample; final model refitted on all 42491 development rows
energy_per_access_fj,mlp,neural,42491,15000,7496,45.7361,2.7833,,3000.0,0.989009417421,4.45860380180773,2.302347202664018,1.3144193801717883,9.23548318964854,9.14691323778489,0.01446885459345523,64.37395289159242,0.9890412536392766,0.9945414917832821,0.9905608984178775,0.0,0.0012313979543483815,0.33802275590543607,0.1830716831621619,0.12073129084065924,0.5312412818432259,0.47033458139311585,0.0009088623411425385,12.258392748251994,0.0012169906036776116,0.0006454337488830215,0.0011094607988550258,7496.0,0.9956661282696135,2.83412846374263,1.3404424175895195,0.734116715192342,5.7310106903175315,5.447213292171214,0.00892085736682639,69.27715969549917,0.9956687219364145,0.9978320515679707,0.9960145592037721,0.9945765069083203,0.9966593949967922,2.551976321115297,3.2263306677513954,1.288572262784402,1.3924808416441734,cross-validated on a 15000-row subsample; final model refitted on all 42491 development rows
energy_per_access_fj,mlp_deep,neural,42491,15000,7496,31.338,2.1654,,3000.0,0.9896102755167137,4.294519335566923,1.9909095625533766,1.0309062367403234,7.644341577180216,7.246557121496737,0.014023534820346382,74.1159858321324,0.9896473922641336,0.9948278860622948,0.9922384342487149,0.0,0.002397469540608635,0.41056709596056085,0.19436367134731591,0.13490083485116283,0.6396157584720388,0.6484846606239045,0.001955100589808925,14.74559682701409,0.002404846042865985,0.0012047462767024763,0.0011273182163206172,7496.0,0.9961434231636261,2.673514225908379,1.2368283900035542,0.6715262683329506,4.852692655392734,4.566782944327984,0.008415299229596164,51.67479618136326,0.9961472040039523,0.9980916716518867,0.9965040899622474,0.9953592450428504,0.996813919870603,2.404458417704667,2.9008207355408437,1.1827306811941227,1.2954518064031417,cross-validated on a 15000-row subsample; final model refitted on all 42491 development rows
