group_1,group_2,mean_rank_1,mean_rank_2,rank_difference,critical_difference,significant,z,p_value_adjusted
catboost,elasticnet,3.0,13.6,10.6,8.873849897310638,True,4.006423413897808,0.41967229386878335
catboost,extra_trees,3.0,10.6,7.6,8.873849897310638,False,2.872529994870127,1.0
catboost,gpr,3.0,8.0,5.0,8.873849897310638,False,1.889822365046136,1.0
catboost,hist_gbr,3.0,5.0,2.0,8.873849897310638,False,0.7559289460184544,1.0
catboost,knn,3.0,12.0,9.0,8.873849897310638,True,3.401680257083045,1.0
catboost,lightgbm,3.0,4.4,1.4000000000000004,8.873849897310638,False,0.5291502622129183,1.0
catboost,mlp,3.0,1.4,1.6,8.873849897310638,False,0.6047431568147635,1.0
catboost,mlp_deep,3.0,1.6,1.4,8.873849897310638,False,0.529150262212918,1.0
catboost,poly2_ridge,3.0,7.0,4.0,8.873849897310638,False,1.5118578920369088,1.0
catboost,random_forest,3.0,9.6,6.6,8.873849897310638,False,2.4945655218608995,1.0
catboost,ridge,3.0,13.4,10.4,8.873849897310638,True,3.930830519295963,0.49540234427343277
catboost,svr_rbf,3.0,9.8,6.800000000000001,8.873849897310638,False,2.5701584164627453,1.0
catboost,xgboost,3.0,5.6,2.5999999999999996,8.873849897310638,False,0.9827076298239906,1.0
elasticnet,extra_trees,13.6,10.6,3.0,8.873849897310638,False,1.1338934190276817,1.0
elasticnet,gpr,13.6,8.0,5.6,8.873849897310638,False,2.116601048851672,1.0
elasticnet,hist_gbr,13.6,5.0,8.6,8.873849897310638,False,3.2504944678793537,1.0
elasticnet,knn,13.6,12.0,1.5999999999999996,8.873849897310638,False,0.6047431568147634,1.0
elasticnet,lightgbm,13.6,4.4,9.2,8.873849897310638,True,3.4772731516848903,1.0
elasticnet,mlp,13.6,1.4,12.2,8.873849897310638,True,4.611166570712571,0.10117543220878567
elasticnet,mlp_deep,13.6,1.6,12.0,8.873849897310638,True,4.535573676110727,0.1219983416678776
elasticnet,poly2_ridge,13.6,7.0,6.6,8.873849897310638,False,2.4945655218608995,1.0
elasticnet,random_forest,13.6,9.6,4.0,8.873849897310638,False,1.5118578920369088,1.0
elasticnet,ridge,13.6,13.4,0.1999999999999993,8.873849897310638,False,0.07559289460184518,1.0
elasticnet,svr_rbf,13.6,9.8,3.799999999999999,8.873849897310638,False,1.436264997435063,1.0
elasticnet,xgboost,13.6,5.6,8.0,8.873849897310638,False,3.0237157840738176,1.0
extra_trees,gpr,10.6,8.0,2.5999999999999996,8.873849897310638,False,0.9827076298239906,1.0
extra_trees,hist_gbr,10.6,5.0,5.6,8.873849897310638,False,2.116601048851672,1.0
extra_trees,knn,10.6,12.0,1.4000000000000004,8.873849897310638,False,0.5291502622129183,1.0
extra_trees,lightgbm,10.6,4.4,6.199999999999999,8.873849897310638,False,2.3433797326572083,1.0
extra_trees,mlp,10.6,1.4,9.2,8.873849897310638,True,3.4772731516848903,1.0
extra_trees,mlp_deep,10.6,1.6,9.0,8.873849897310638,True,3.401680257083045,1.0
extra_trees,poly2_ridge,10.6,7.0,3.5999999999999996,8.873849897310638,False,1.3606721028332178,1.0
extra_trees,random_forest,10.6,9.6,1.0,8.873849897310638,False,0.3779644730092272,1.0
extra_trees,ridge,10.6,13.4,2.8000000000000007,8.873849897310638,False,1.0583005244258366,1.0
extra_trees,svr_rbf,10.6,9.8,0.7999999999999989,8.873849897310638,False,0.3023715784073814,1.0
extra_trees,xgboost,10.6,5.6,5.0,8.873849897310638,False,1.889822365046136,1.0
gpr,hist_gbr,8.0,5.0,3.0,8.873849897310638,False,1.1338934190276817,1.0
gpr,knn,8.0,12.0,4.0,8.873849897310638,False,1.5118578920369088,1.0
gpr,lightgbm,8.0,4.4,3.5999999999999996,8.873849897310638,False,1.3606721028332178,1.0
gpr,mlp,8.0,1.4,6.6,8.873849897310638,False,2.4945655218608995,1.0
gpr,mlp_deep,8.0,1.6,6.4,8.873849897310638,False,2.418972627259054,1.0
gpr,poly2_ridge,8.0,7.0,1.0,8.873849897310638,False,0.3779644730092272,1.0
gpr,random_forest,8.0,9.6,1.5999999999999996,8.873849897310638,False,0.6047431568147634,1.0
gpr,ridge,8.0,13.4,5.4,8.873849897310638,False,2.041008154249827,1.0
gpr,svr_rbf,8.0,9.8,1.8000000000000007,8.873849897310638,False,0.6803360514166092,1.0
gpr,xgboost,8.0,5.6,2.4000000000000004,8.873849897310638,False,0.9071147352221455,1.0
hist_gbr,knn,5.0,12.0,7.0,8.873849897310638,False,2.6457513110645903,1.0
hist_gbr,lightgbm,5.0,4.4,0.5999999999999996,8.873849897310638,False,0.2267786838055362,1.0
hist_gbr,mlp,5.0,1.4,3.6,8.873849897310638,False,1.360672102833218,1.0
hist_gbr,mlp_deep,5.0,1.6,3.4,8.873849897310638,False,1.2850792082313724,1.0
hist_gbr,poly2_ridge,5.0,7.0,2.0,8.873849897310638,False,0.7559289460184544,1.0
hist_gbr,random_forest,5.0,9.6,4.6,8.873849897310638,False,1.7386365758424451,1.0
hist_gbr,ridge,5.0,13.4,8.4,8.873849897310638,False,3.1749015732775088,1.0
hist_gbr,svr_rbf,5.0,9.8,4.800000000000001,8.873849897310638,False,1.814229470444291,1.0
hist_gbr,xgboost,5.0,5.6,0.5999999999999996,8.873849897310638,False,0.2267786838055362,1.0
knn,lightgbm,12.0,4.4,7.6,8.873849897310638,False,2.872529994870127,1.0
knn,mlp,12.0,1.4,10.6,8.873849897310638,True,4.006423413897808,0.41967229386878335
knn,mlp_deep,12.0,1.6,10.4,8.873849897310638,True,3.930830519295963,0.49540234427343277
knn,poly2_ridge,12.0,7.0,5.0,8.873849897310638,False,1.889822365046136,1.0
knn,random_forest,12.0,9.6,2.4000000000000004,8.873849897310638,False,0.9071147352221455,1.0
knn,ridge,12.0,13.4,1.4000000000000004,8.873849897310638,False,0.5291502622129183,1.0
knn,svr_rbf,12.0,9.8,2.1999999999999993,8.873849897310638,False,0.8315218406202995,1.0
knn,xgboost,12.0,5.6,6.4,8.873849897310638,False,2.418972627259054,1.0
lightgbm,mlp,4.4,1.4,3.0000000000000004,8.873849897310638,False,1.1338934190276817,1.0
lightgbm,mlp_deep,4.4,1.6,2.8000000000000003,8.873849897310638,False,1.0583005244258363,1.0
lightgbm,poly2_ridge,4.4,7.0,2.5999999999999996,8.873849897310638,False,0.9827076298239906,1.0
lightgbm,random_forest,4.4,9.6,5.199999999999999,8.873849897310638,False,1.9654152596479812,1.0
lightgbm,ridge,4.4,13.4,9.0,8.873849897310638,True,3.401680257083045,1.0
lightgbm,svr_rbf,4.4,9.8,5.4,8.873849897310638,False,2.041008154249827,1.0
lightgbm,xgboost,4.4,5.6,1.1999999999999993,8.873849897310638,False,0.4535573676110724,1.0
mlp,mlp_deep,1.4,1.6,0.20000000000000018,8.873849897310638,False,0.07559289460184551,1.0
mlp,poly2_ridge,1.4,7.0,5.6,8.873849897310638,False,2.116601048851672,1.0
mlp,random_forest,1.4,9.6,8.2,8.873849897310638,False,3.099308678675663,1.0
mlp,ridge,1.4,13.4,12.0,8.873849897310638,True,4.535573676110727,0.1219983416678776
mlp,svr_rbf,1.4,9.8,8.4,8.873849897310638,False,3.1749015732775088,1.0
mlp,xgboost,1.4,5.6,4.199999999999999,8.873849897310638,False,1.587450786638754,1.0
mlp_deep,poly2_ridge,1.6,7.0,5.4,8.873849897310638,False,2.041008154249827,1.0
mlp_deep,random_forest,1.6,9.6,8.0,8.873849897310638,False,3.0237157840738176,1.0
mlp_deep,ridge,1.6,13.4,11.8,8.873849897310638,True,4.459980781508881,0.14671411350713792
mlp_deep,svr_rbf,1.6,9.8,8.200000000000001,8.873849897310638,False,3.0993086786756634,1.0
mlp_deep,xgboost,1.6,5.6,3.9999999999999996,8.873849897310638,False,1.5118578920369086,1.0
poly2_ridge,random_forest,7.0,9.6,2.5999999999999996,8.873849897310638,False,0.9827076298239906,1.0
poly2_ridge,ridge,7.0,13.4,6.4,8.873849897310638,False,2.418972627259054,1.0
poly2_ridge,svr_rbf,7.0,9.8,2.8000000000000007,8.873849897310638,False,1.0583005244258366,1.0
poly2_ridge,xgboost,7.0,5.6,1.4000000000000004,8.873849897310638,False,0.5291502622129183,1.0
random_forest,ridge,9.6,13.4,3.8000000000000007,8.873849897310638,False,1.4362649974350636,1.0
random_forest,svr_rbf,9.6,9.8,0.20000000000000107,8.873849897310638,False,0.07559289460184584,1.0
random_forest,xgboost,9.6,5.6,4.0,8.873849897310638,False,1.5118578920369088,1.0
ridge,svr_rbf,13.4,9.8,3.5999999999999996,8.873849897310638,False,1.3606721028332178,1.0
ridge,xgboost,13.4,5.6,7.800000000000001,8.873849897310638,False,2.9481228894719727,1.0
svr_rbf,xgboost,9.8,5.6,4.200000000000001,8.873849897310638,False,1.5874507866387546,1.0
